<?xml version="1.0" encoding="utf-8"?>
<WebWorksHelpBook version="5.0" name="Administration" context="tib_bw_administration" locale="en" xmlns="urn:WebWorks-Help-Book-Files-Schema">
  <CommonWordsToSkip minlen="3">
    a about after all also am an and another any are as at
    be because been before being between both but by
    came can come copyright corp corporation could
    did do does
    each etc
    for from
    get goes got
    had has have he her here him himself his how
    if in inc into is it its
    let like
    make many me might more most much must my
    never nor not now
    of off on one only or other our out over own
    reserved rights
    said same see set shall she should since so some still such
    take than that the their them then there these they this those though through to too
    under us use
    very
    was way we well were what when where which while who why will with would
    yes yet you your
   </CommonWordsToSkip>
  <ScoringPrefs>
    <meta name="keywords" weight="100" />
    <meta name="description" weight="50" />
    <meta name="summary" weight="50" />
    <title weight="20" />
    <h1 weight="15" />
    <h2 weight="10" />
    <caption weight="10" />
    <h3 weight="7" />
    <th weight="5" />
    <h4 weight="5" />
    <h5 weight="4" />
    <h6 weight="3" />
    <h7 weight="2" />
  </ScoringPrefs>
  <DocumentInfo>
    <Document title="TIBCO ActiveMatrix BusinessWorks™" href="title.1.1.htm" />
    <Document title="Important Information" href="copyrigh.htm" />
    <Document title="Figures" href="LOF.htm" />
    <Document title="Tables" href="LOT.htm" />
    <Document title="Preface" href="preface.4.1.htm" />
    <Document title="Changes from the Previous Release of this Guide" href="preface.4.2.htm" />
    <Document title="Related Documentation" href="preface.4.3.htm" />
    <Document title="Typographical Conventions" href="preface.4.4.htm" />
    <Document title="Connecting with TIBCO Resources" href="preface.4.5.htm" />
    <Document title="Introduction" href="admin.5.01.htm" />
    <Document title="Overview of Administration" href="admin.5.02.htm" />
    <Document title="Starting TIBCO Administrator on Microsoft Windows" href="admin.5.03.htm" />
    <Document title="Starting TIBCO Administrator on UNIX" href="admin.5.04.htm" />
    <Document title="Stopping the Administration Server" href="admin.5.05.htm" />
    <Document title="Using TIBCO Hawk" href="admin.5.06.htm" />
    <Document title="Using TIBCO Enterprise Management Advisor" href="admin.5.07.htm" />
    <Document title="Administration Tutorial" href="admin.5.08.htm" />
    <Document title="Tutorial Overview" href="admin.5.09.htm" />
    <Document title="Create the Enterprise Archive File" href="admin.5.10.htm" />
    <Document title="Create and Deploy the Application" href="admin.5.11.htm" />
    <Document title="Start the Application" href="admin.5.12.htm" />
    <Document title="Monitor the Application" href="admin.5.13.htm" />
    <Document title="Stop the Application" href="admin.5.14.htm" />
    <Document title="Creating an Archive for Deployment" href="admin.5.15.htm" />
    <Document title="Overview" href="admin.5.16.htm" />
    <Document title="Creating an Enterprise Archive" href="admin.5.17.htm" />
    <Document title="Creating a Process Archive" href="admin.5.18.htm" />
    <Document title="Making Changes to a Shared Archive" href="admin.5.19.htm" />
    <Document title="Creating and Deploying Applications" href="admin.5.20.htm" />
    <Document title="Application Management Overview" href="admin.5.21.htm" />
    <Document title="Creating an Application" href="admin.5.22.htm" />
    <Document title="Deleting an Application" href="admin.5.23.htm" />
    <Document title="Deploying an Application" href="admin.5.24.htm" />
    <Document title="Reverting to a Previously Deployed Application" href="admin.5.25.htm" />
    <Document title="Undeploying a Deployed Application" href="admin.5.26.htm" />
    <Document title="Viewing Application Deployment History" href="admin.5.27.htm" />
    <Document title="Managing Folders" href="admin.5.28.htm" />
    <Document title="Upgrading an Application" href="admin.5.29.htm" />
    <Document title="Setting Deployment Options" href="admin.5.30.htm" />
    <Document title="Configuration Console Overview" href="admin.5.31.htm" />
    <Document title="Changing Application Global Variables and Repository Properties" href="admin.5.32.htm" />
    <Document title="Enabling a Process or Service to Run on Other Machines" href="admin.5.33.htm" />
    <Document title="Adding a Rulebase to a Process or Service" href="admin.5.34.htm" />
    <Document title="Adding an Event to a Service" href="admin.5.35.htm" />
    <Document title="Configuring Storage for TIBCO ActiveMatrix BusinessWorks Processes" href="admin.5.36.htm" />
    <Document title="Controlling Execution of TIBCO ActiveMatrix BusinessWorks Services" href="admin.5.37.htm" />
    <Document title="Changing Server Settings" href="admin.5.38.htm" />
    <Document title="Setting Graceful Shutdown Properties for a Process Engine" href="admin.5.39.htm" />
    <Document title="Configuring Fault Tolerant Process Engines" href="admin.5.40.htm" />
    <Document title="Changing Runtime Variables for a Process or Service" href="admin.5.41.htm" />
    <Document title="Application Management Configuration Dialog" href="admin.5.42.htm" />
    <Document title="Edit Application Configuration Dialog" href="admin.5.43.htm" />
    <Document title="Edit Service Configuration Dialog" href="admin.5.44.htm" />
    <Document title="Edit Service Instance Dialog" href="admin.5.45.htm" />
    <Document title="View Service Configuration" href="admin.5.46.htm" />
    <Document title="Managing and Monitoring Process Engines" href="admin.5.47.htm" />
    <Document title="Process Engines Overview" href="admin.5.48.htm" />
    <Document title="Starting or Stopping a Process Engine" href="admin.5.49.htm" />
    <Document title="Viewing Log File Information" href="admin.5.50.htm" />
    <Document title="Editing Process Engine Properties" href="admin.5.51.htm" />
    <Document title="Viewing the TIBCO Administrator Audit Log" href="admin.5.52.htm" />
    <Document title="Managing Recoverable Process Instances" href="admin.5.53.htm" />
    <Document title="Storing Process Instance and Activity Statistics" href="admin.5.54.htm" />
    <Document title="All Service Instances Dialog" href="admin.5.55.htm" />
    <Document title="View Service Instance Dialog" href="admin.5.56.htm" />
    <Document title="UDDI Servers Module" href="admin.5.57.htm" />
    <Document title="Overview of UDDI" href="admin.5.58.htm" />
    <Document title="Managing UDDI Servers" href="admin.5.59.htm" />
    <Document title="Managing Business Entities" href="admin.5.60.htm" />
    <Document title="Custom Engine Properties" href="admin.5.61.htm" />
    <Document title="Overview of Custom Engine Properties" href="admin.5.62.htm" />
    <Document title="Setting Custom Engine Properties for the Testing Environment" href="admin.5.63.htm" />
    <Document title="Setting Custom Engine Properties in Deployed Projects" href="admin.5.64.htm" />
    <Document title="Available Custom Engine Properties" href="admin.5.65.htm" />
    <Document title="Performance Tuning" href="admin.5.66.htm" />
    <Document title="Overview of Engine Performance" href="admin.5.67.htm" />
    <Document title="Characteristics of BusinessWorks Activities" href="admin.5.68.htm" />
    <Document title="Performance Considerations" href="admin.5.69.htm" />
    <Document title="Sample Scenario" href="admin.5.70.htm" />
    <Document title="TIBCO Hawk MicroAgent Methods" href="admin.5.71.htm" />
    <Document title="Enabling TIBCO Hawk" href="admin.5.72.htm" />
    <Document title="TIBCO Hawk Microagent Methods" href="admin.5.73.htm" />
    <Document title="Monitoring the BusinessWorks Engine Using JMX" href="admin.5.74.htm" />
    <Document title="Enabling JMX Support" href="admin.5.75.htm" />
    <Document title="Using JConsole" href="admin.5.76.htm" />
    <Document title="Thread Based Grouping of Activities" href="admin.5.77.htm" />
  </DocumentInfo>
  <TopicMap>
    <Topic name="archive.builder.folder.helpurl" href="admin.5.15.htm" />
    <Topic name="process.archive.resource.helpurl" href="admin.5.18.htm" />
    <Topic name="shared.archive.resource.helpurl" href="admin.5.19.htm" />
    <Topic name="administrator.consoles.deploymentconfiguration.RevertDialog" href="admin.5.25.htm" />
    <Topic name="administrator.consoles.deploymentconfiguration.UnDeployConfirmationDialog" href="admin.5.26.htm#1674616" />
    <Topic name="administrator.consoles.applicationconfigurationfolder.ApplicationConfigurationFolderGeneralTab" href="admin.5.28.htm" />
    <Topic name="administrator.consoles.deploymentconfiguration.DeploymentConfigurationMainPane" href="admin.5.42.htm" />
    <Topic name="administrator.consoles.deploymentconfiguration.ApplicationArchiveDetailPaneGeneralTab" href="admin.5.43.htm#1707870" />
    <Topic name="administrator.consoles.deploymentconfiguration.ApplicationDeploymentDescriptorTab" href="admin.5.43.htm#1707879" />
    <Topic name="administrator.consoles.containers.FtGroupDetailGeneralTab" href="admin.5.44.htm#1707971" />
    <Topic name="administrator.consoles.deploymentconfiguration.ServiceDetailMonitoringTab" href="admin.5.44.htm#1707985" />
    <Topic name="administrator.consoles.deploymentconfiguration.ServiceDeploymentDescriptorTab" href="admin.5.44.htm#1708016" />
    <Topic name="administrator.consoles.deploymentconfiguration.ContainerDetailGeneralTab" href="admin.5.45.htm#1708055" />
    <Topic name="administrator.consoles.deploymentconfiguration.ContainerDetailServerSettingsTab" href="admin.5.45.htm#1708067" />
    <Topic name="administrator.consoles.deploymentconfiguration.ServiceDetailGeneralTab" href="admin.5.46.htm#1708112" />
    <Topic name="administrator.consoles.containers.ContainersListPane" href="admin.5.55.htm" />
    <Topic name="administrator.consoles.containers.ContainerDetailGeneralTab" href="admin.5.56.htm#1746513" />
    <Topic name="bw.administrator.consoles.containers.AdapterConfigDetailsTab" href="admin.5.56.htm#1746515" />
    <Topic name="bw.administrator.consoles.containers.ActiveBusinessProcessesTracingTab" href="admin.5.56.htm#1708328" />
    <Topic name="bw.administrator.consoles.containers.EngineDetailProcessStartersTab" href="admin.5.56.htm#1708336" />
    <Topic name="bw.administrator.consoles.containers.EngineDetailProcessDefinitionsTab" href="admin.5.56.htm#1708340" />
    <Topic name="bw.administrator.consoles.containers.ProcessDefinitionDetailDialog" href="admin.5.56.htm#1708340" />
    <Topic name="administrator.consoles.containers.ContainerDetailTracingTab" href="admin.5.56.htm#1746570" />
    <Topic name="bw.administrator.consoles.containers.EngineDetailShutdownParametersTab" href="admin.5.56.htm#1708385" />
  </TopicMap>
</WebWorksHelpBook>