<?xml version="1.0" encoding="utf-8"?>
<WebWorksHelpTOC version="5.0" xmlns="urn:WebWorks-Help-TOC-Schema">
  <i t="Figures" l="2" />
  <i t="Tables" l="3" />
  <i t="Preface" l="4">
    <i t="Changes from the Previous Release of this Guide" l="5" />
    <i t="Related Documentation" l="6">
      <i t="ActiveMatrix BusinessWorks Documentation" l="6#31355" />
      <i t="Other TIBCO Product Documentation" l="6#36755" />
    </i>
    <i t="Typographical Conventions" l="7" />
    <i t="Connecting with TIBCO Resources" l="8">
      <i t="How to Join TIBCOmmunity" l="8#40562" />
      <i t="How to Access TIBCO Documentation" l="8#40574" />
      <i t="How to Contact TIBCO Support" l="8#40583" />
    </i>
  </i>
  <i t="Chapter 1 Introduction" l="9">
    <i t="Overview of Administration" l="10">
      <i t="TIBCO Administrator" l="10#1681387" />
    </i>
    <i t="Starting TIBCO Administrator on Microsoft Windows" l="11">
      <i t="Starting the Administration Server" l="11#1688276" />
      <i t="Starting the TIBCO Administrator GUI" l="11#1688296" />
    </i>
    <i t="Starting TIBCO Administrator on UNIX" l="12">
      <i t="Starting the Administration Server" l="12#1688327" />
      <i t="Starting the TIBCO Administrator GUI" l="12#1688342" />
    </i>
    <i t="Stopping the Administration Server" l="13" />
    <i t="Using TIBCO Hawk" l="14" />
    <i t="Using TIBCO Enterprise Management Advisor" l="15" />
  </i>
  <i t="Chapter 2 Administration Tutorial" l="16">
    <i t="Tutorial Overview" l="17">
      <i t="Prerequisites" l="17#1823910" />
      <i t="Overview of Example Process" l="17#1823920" />
    </i>
    <i t="Create the Enterprise Archive File" l="18" />
    <i t="Create and Deploy the Application" l="19" />
    <i t="Start the Application" l="20" />
    <i t="Monitor the Application" l="21">
      <i t="Viewing Default Monitoring Information" l="21#1823999" />
      <i t="Specifying a Custom Alert" l="21#1824022" />
    </i>
    <i t="Stop the Application" l="22" />
  </i>
  <i t="Chapter 3 Creating an Archive for Deployment" l="23">
    <i t="Overview" l="24">
      <i t="Enterprise Archive File Size" l="24#2104536" />
    </i>
    <i t="Creating an Enterprise Archive" l="25" />
    <i t="Creating a Process Archive" l="26" />
    <i t="Making Changes to a Shared Archive" l="27" />
  </i>
  <i t="Chapter 4 Creating and Deploying Applications" l="28">
    <i t="Application Management Overview" l="29" />
    <i t="Creating an Application" l="30" />
    <i t="Deleting an Application" l="31" />
    <i t="Deploying an Application" l="32">
      <i t="Deploying Applications Manually" l="32#2132442" />
    </i>
    <i t="Reverting to a Previously Deployed Application" l="33" />
    <i t="Undeploying a Deployed Application" l="34">
      <i t="Undeploy Dialog" l="34#1674616" />
    </i>
    <i t="Viewing Application Deployment History" l="35" />
    <i t="Managing Folders" l="36">
      <i t="Moving an Application to a Folder" l="36#1700708" />
    </i>
    <i t="Upgrading an Application" l="37" />
  </i>
  <i t="Chapter 5 Setting Deployment Options" l="38">
    <i t="Configuration Console Overview" l="39" />
    <i t="Changing Application Global Variables and Repository Properties" l="40" />
    <i t="Enabling a Process or Service to Run on Other Machines" l="41" />
    <i t="Adding a Rulebase to a Process or Service" l="42">
      <i t="Adding a TIBCO Hawk Rulebase to an Application" l="42#1707335" />
      <i t="How to Create a Custom Rulebase" l="42#1795156" />
    </i>
    <i t="Adding an Event to a Service" l="43" />
    <i t="Configuring Storage for TIBCO ActiveMatrix BusinessWorks Processes" l="44">
      <i t="Specifying a Database for Storage" l="44#1732951" />
      <i t="Database Table Names" l="44#1732965" />
      <i t="Manually Creating Database Tables" l="44#1732992" />
    </i>
    <i t="Controlling Execution of TIBCO ActiveMatrix BusinessWorks Services" l="45">
      <i t="Specifying the Maximum Number of Concurrently Active Processes" l="45#1733042" />
      <i t="Keeping Services in Memory" l="45#1733053" />
      <i t="Effects of Setting the Configuration Fields" l="45#1733055" />
    </i>
    <i t="Changing Server Settings" l="46" />
    <i t="Setting Graceful Shutdown Properties for a Process Engine" l="47" />
    <i t="Configuring Fault Tolerant Process Engines" l="48">
      <i t="Peer or Master and Secondary Relationships" l="48#1727311" />
      <i t="Process Starters and Fault-Tolerance" l="48#1727325" />
      <i t="Setting Fault Tolerant Options" l="48#1707405" />
      <i t="Changing the Checkpoint Data Repository for a Process" l="48#1707418" />
    </i>
    <i t="Changing Runtime Variables for a Process or Service" l="49" />
    <i t="Application Management Configuration Dialog" l="50">
      <i t="Configuration Builder Pane" l="50#1707804" />
      <i t="Deployed Configuration Pane" l="50#1707853" />
    </i>
    <i t="Edit Application Configuration Dialog" l="51">
      <i t="General Tab" l="51#1707870" />
      <i t="Advanced Tab" l="51#1707879" />
    </i>
    <i t="Edit Service Configuration Dialog" l="52">
      <i t="General Tab" l="52#1707953" />
      <i t="Monitoring Tab" l="52#1707985" />
      <i t="Advanced Tab" l="52#1708016" />
    </i>
    <i t="Edit Service Instance Dialog" l="53">
      <i t="General Tab" l="53#1708055" />
      <i t="Server Settings Tab" l="53#1708067" />
      <i t="Graceful Shutdown Tab" l="53#1708088" />
    </i>
    <i t="View Service Configuration" l="54" />
  </i>
  <i t="Chapter 6 Managing and Monitoring Process Engines" l="55">
    <i t="Process Engines Overview" l="56" />
    <i t="Starting or Stopping a Process Engine" l="57" />
    <i t="Viewing Log File Information" l="58" />
    <i t="Editing Process Engine Properties" l="59" />
    <i t="Viewing the TIBCO Administrator Audit Log" l="60" />
    <i t="Managing Recoverable Process Instances" l="61">
      <i t="Limitations of Recoverable Process Instances" l="61#1781844" />
    </i>
    <i t="Storing Process Instance and Activity Statistics" l="62">
      <i t="Enabling/Disabling Statistic Collection" l="62#1783330" />
      <i t="Managing Statistics Files" l="62#1783391" />
      <i t="Process Instance Statistics" l="62#1783381" />
      <i t="Activity Statistics" l="62#1788562" />
    </i>
    <i t="All Service Instances Dialog" l="63" />
    <i t="View Service Instance Dialog" l="64">
      <i t="General Tab" l="64#1746513" />
      <i t="BW Processes" l="64#1708324" />
      <i t="Tracing Tab" l="64#1746570" />
      <i t="Graceful Shutdown Tab" l="64#1708385" />
    </i>
  </i>
  <i t="Chapter 7 UDDI Servers Module" l="65">
    <i t="Overview of UDDI" l="66" />
    <i t="Managing UDDI Servers" l="67">
      <i t="Adding UDDI Servers" l="67#1800147" />
      <i t="Viewing and Editing UDDI Server Details" l="67#1800808" />
    </i>
    <i t="Managing Business Entities" l="68">
      <i t="Viewing or Editing a Business Entity and Services" l="68#1803434" />
      <i t="Adding a Business Entity" l="68#1800590" />
      <i t="Adding Services" l="68#1800605" />
    </i>
  </i>
  <i t="Chapter 8 Custom Engine Properties" l="69">
    <i t="Overview of Custom Engine Properties" l="70" />
    <i t="Setting Custom Engine Properties for the Testing Environment" l="71" />
    <i t="Setting Custom Engine Properties in Deployed Projects" l="72">
      <i t="Enabling Built-in Resource Provider" l="72#1948919" />
    </i>
    <i t="Available Custom Engine Properties" l="73">
      <i t="Engine Properties" l="73#1949293" />
      <i t="TIBCO Hawk Properties" l="73#1671583" />
      <i t="TIBCO Enterprise Management Advisor Property" l="73#1714483" />
      <i t="Trace Properties" l="73#1671621" />
      <i t="TIBCO Rendezvous Advisory Messages" l="73#1671662" />
      <i t="XPath and XML Properties" l="73#1671668" />
      <i t="Security Properties" l="73#1754241" />
      <i t="General Activities Properties" l="73#1847112" />
      <i t="HTTP Properties" l="73#1757015" />
      <i t="JDBC Properties" l="73#2091127" />
      <i t="JMS Properties" l="73#1671718" />
      <i t="Mail Properties" l="73#1671722" />
      <i t="Rendezvous Properties" l="73#1815304" />
      <i t="Transaction Properties" l="73#1872674" />
      <i t="TCP Properties" l="73#1960695" />
      <i t="Properties for Backwards Compatibility" l="73#1671727" />
    </i>
  </i>
  <i t="Chapter 9 Performance Tuning" l="74">
    <i t="Overview of Engine Performance" l="75">
      <i t="Components Affecting the Engine Performance" l="75#2004448" />
    </i>
    <i t="Characteristics of BusinessWorks Activities" l="76" />
    <i t="Performance Considerations" l="77">
      <i t="Memory Considerations" l="77#2004572" />
      <i t="Throughput Considerations" l="77#2004594" />
    </i>
    <i t="Sample Scenario" l="78" />
  </i>
  <i t="Appendix A TIBCO Hawk MicroAgent Methods" l="79">
    <i t="Enabling TIBCO Hawk" l="80" />
    <i t="TIBCO Hawk Microagent Methods" l="81">
      <i t="ConfigureActivityTracing" l="81#1761941" />
      <i t="ConfigureAllTracing" l="81#1761313" />
      <i t="ConfigureProcessStarterTracing" l="81#1761367" />
      <i t="ConfigureRole" l="81#1761721" />
      <i t="ConfigureUserDefinedTracing" l="81#1761392" />
      <i t="DelayedStopApplicationInstance" l="81#1777366" />
      <i t="GetActivities" l="81#1764389" />
      <i t="GetExecInfo" l="81#1671794" />
      <i t="getHostInformation" l="81#1777780" />
      <i t="GetMemoryUsage" l="81#1775987" />
      <i t="GetProcessCount" l="81#1776015" />
      <i t="GetProcessDefinitions" l="81#1671827" />
      <i t="GetProcesses" l="81#1763007" />
      <i t="GetProcessesExceptions" l="81#1765642" />
      <i t="GetProcessStarters" l="81#1766830" />
      <i t="GetRecoverableProcesses" l="81#1763088" />
      <i t="getRvCmConfig" l="81#1835889" />
      <i t="GetStaticActivityInfo" l="81#1763000" />
      <i t="GetStatsCollectorDestination" l="81#1783988" />
      <i t="GetStatus" l="81#1778176" />
      <i t="GetTransactionStatistics" l="81#1850090" />
      <i t="IsActivityTracingEnabled" l="81#1849967" />
      <i t="IsAllTracingEnabled" l="81#1778638" />
      <i t="IsProcessStarterTracingEnabled" l="81#1778658" />
      <i t="IsRoleEnabled" l="81#1778683" />
      <i t="KillAllProcesses" l="81#1769422" />
      <i t="KillProcess" l="81#1770057" />
      <i t="ListAllRoles" l="81#1774040" />
      <i t="ListDbConnections" l="81#2072350" />
      <i t="ListInflightTransactions" l="81#2072176" />
      <i t="ListInstrumentProperties" l="81#1852149" />
      <i t="ListTraceProperties" l="81#1773522" />
      <i t="ListUserDefinedRoles" l="81#1851316" />
      <i t="OnProcessActivity" l="81#1776963" />
      <i t="OnProcessAdded" l="81#1776991" />
      <i t="OnProcessRemoved" l="81#1777007" />
      <i t="OnProcessStatusChanged" l="81#1777023" />
      <i t="PreRegisterListener" l="81#1834767" />
      <i t="RemoveRecoverableProcess" l="81#1780371" />
      <i t="ResetActivityStats" l="81#1780325" />
      <i t="ResetProcessDefinitionStats" l="81#1780341" />
      <i t="RestartRecoverableProcess" l="81#1779567" />
      <i t="ResumeAll" l="81#1779569" />
      <i t="ResumeProcess" l="81#1768602" />
      <i t="ResumeProcessStarter" l="81#1771057" />
      <i t="reviewLedger" l="81#1835451" />
      <i t="SetInstrumentProperty" l="81#1774998" />
      <i t="SetTraceProperty" l="81#1772078" />
      <i t="StartStatsCollection" l="81#1783915" />
      <i t="stopApplicationInstance" l="81#1783901" />
      <i t="StopStatsCollection" l="81#1783747" />
      <i t="SuspendAll" l="81#1771986" />
      <i t="SuspendProcess" l="81#1767790" />
      <i t="SuspendProcessStarter" l="81#1672390" />
      <i t="unRegisterListener" l="81#1835390" />
      <i t="_onUnsolicitedMsg" l="81#1673063" />
    </i>
  </i>
  <i t="Appendix B Monitoring the BusinessWorks Engine Using JMX" l="82">
    <i t="Enabling JMX Support" l="83" />
    <i t="Using JConsole" l="84" />
  </i>
  <i t="Appendix C Thread Based Grouping of Activities" l="85" />
</WebWorksHelpTOC>