<?xml version="1.0" encoding="UTF-8" standalone="no"?>
<installcomponents>
    <assemblyProperties displayName="TIBCO AMBW Runtime" installLocation="${bw.home}"/>
    <installcomponent buildType="formal" currenttimestamp="08-11-2015-09-47-PM" prefix="product_tibco" sizeinbytes="7550194" uid="bw_runtime" version="5.13.0.017">
        <file loc="lib/com/tibco/deployment/bwengine.xml" md5sum="fdc2d63f56cc007332a1ff06b982f649" perm="755" sizeinbytes="4765" timestamp="1439354373000"/>
        <file loc="examples/index.html" md5sum="18f738858242990f1196d720182b0d27" perm="555" sizeinbytes="34095" timestamp="1439354362000"/>
        <file loc="examples/activities/jms/XAPrecreate/readme.html" md5sum="09a845b90d2781f0284a5cfa1186c447" perm="555" sizeinbytes="16665" timestamp="1439354360000"/>
        <file loc="examples/activities/jms/XAPrecreate/jms_precreate.zip" md5sum="6d519b00ffe8fa1623969105f1997319" perm="555" sizeinbytes="10693" timestamp="1439354360000"/>
        <file loc="examples/activities/jms/messageSelector/readme.html" md5sum="0c6a39d85380e7b777b3e359cfee3e31" perm="555" sizeinbytes="13726" timestamp="1439354360000"/>
        <file loc="examples/activities/jms/messageSelector/messageSelector.zip" md5sum="6b7198cdb5fbcf1af0576ce9f6052abd" perm="555" sizeinbytes="9229" timestamp="1439354360000"/>
        <file loc="examples/activities/jms/queueRequestReply/queueRequestReply.zip" md5sum="6821d265ec74f92bfe0540bd62f55621" perm="555" sizeinbytes="8268" timestamp="1439354360000"/>
        <file loc="examples/activities/jms/queueRequestReply/readme.html" md5sum="aeb0857c946487ad3102fce790fb9144" perm="555" sizeinbytes="11732" timestamp="1439354360000"/>
        <file loc="examples/activities/jms/queueSenderWait/readme.html" md5sum="f6d201322e1933fbaf3c67a282cf0b5c" perm="555" sizeinbytes="12839" timestamp="1439354360000"/>
        <file loc="examples/activities/jms/queueSenderWait/queueSenderWait.zip" md5sum="c360a6dfb39a09193552d355d716938b" perm="555" sizeinbytes="8445" timestamp="1439354360000"/>
        <file loc="examples/activities/jms/queueGetMessagesLoop/readme.html" md5sum="ffb9baeeb1767b1681dcc9a8e2f44033" perm="555" sizeinbytes="18864" timestamp="1439354360000"/>
        <file loc="examples/activities/jms/queueGetMessagesLoop/queueGetMessagesLoop.zip" md5sum="77794a9f44280f43103a0dafd0d26035" perm="555" sizeinbytes="8722" timestamp="1439354360000"/>
        <file loc="examples/activities/jms/queueReceiver/readme.html" md5sum="62c7d75b9e4b0d87f5542a8ad72ab014" perm="555" sizeinbytes="12594" timestamp="1439354360000"/>
        <file loc="examples/activities/jms/queueReceiver/queueReceiver.zip" md5sum="3ea278b726403f7b577316da7c97ada9" perm="555" sizeinbytes="8188" timestamp="1439354360000"/>
        <file loc="examples/activities/jms/topicDurable/topicDurable.zip" md5sum="105d9cf0aabd4f6f8e7f9f66e84dfebb" perm="555" sizeinbytes="9133" timestamp="1439354360000"/>
        <file loc="examples/activities/jms/topicDurable/readme.html" md5sum="e581aced1fca596ee57d264c2aab125c" perm="555" sizeinbytes="12989" timestamp="1439354360000"/>
        <file loc="examples/activities/jms/localTransactions/readme.html" md5sum="297fd11143cffa9312a098ce490c70bd" perm="555" sizeinbytes="10316" timestamp="1439354360000"/>
        <file loc="examples/activities/jms/localTransactions/jms_local.zip" md5sum="e7b7031929509e642dca13caf5ff91fd" perm="555" sizeinbytes="9387" timestamp="1439354360000"/>
        <file loc="examples/activities/Java/javaMethodWithDBConnection/javaMethodWithDBConnection.zip" md5sum="d9224b1352ef33a2d3dea06c1cd5c284" perm="555" sizeinbytes="14690" timestamp="1439354359000"/>
        <file loc="examples/activities/Java/javaMethodWithDBConnection/jmdbexample.jar" md5sum="244ebeb3ffeb625a685a31ab59d1c11d" perm="555" sizeinbytes="3697" timestamp="1439354359000"/>
        <file loc="examples/activities/Java/javaMethodWithDBConnection/readme.html" md5sum="56845a4741851cb668b05781f6e4d672" perm="555" sizeinbytes="8618" timestamp="1439354359000"/>
        <file loc="examples/activities/Java/javaMethodWithDBConnection/jmdbexample.sql" md5sum="6d8214a4b26bfdaf51712a3222a1e6d4" perm="555" sizeinbytes="1036" timestamp="1439354359000"/>
        <file loc="examples/activities/Java/javaMethodWithDBConnection/jmdbexample.txt" md5sum="42919c025246004eccc56ae6f3e6e3cd" perm="555" sizeinbytes="111" timestamp="1439354359000"/>
        <file loc="examples/activities/Java/javaMethodWithDBConnection/src/jmdbexample/LocalBank.java" md5sum="8c995a09d4d721e0c50246e7521bdaec" perm="555" sizeinbytes="4316" timestamp="1439354359000"/>
        <file loc="examples/activities/Java/JavaEventSource/readme.html" md5sum="d83d84cd4e7487d1415195864ac35381" perm="555" sizeinbytes="19007" timestamp="1439354359000"/>
        <file loc="examples/activities/Java/JavaEventSource/AccountInformation.txt" md5sum="dcd53a39245e8f64fb7e4f702dbf0784" perm="555" sizeinbytes="111" timestamp="1439354359000"/>
        <file loc="examples/activities/Java/JavaEventSource/JavaEventSource.zip" md5sum="61b26ed26c4d8bb6b869503aebd5324d" perm="555" sizeinbytes="10966" timestamp="1439354359000"/>
        <file loc="examples/activities/Java/JavaEventSource/src/jmexample/LocalBank.java" md5sum="4a620c6303ba30f810a85b4176607615" perm="555" sizeinbytes="2056" timestamp="1439354359000"/>
        <file loc="examples/activities/Java/JavaEventSource/src/jmexample/Account.java" md5sum="2236e9786d9f161bd4d7bb5322fe53cd" perm="555" sizeinbytes="336" timestamp="1439354359000"/>
        <file loc="examples/activities/Java/JavaEventSource/src/jmexample/InvalidAccountException.java" md5sum="fe93d32dcfae854c6c22ffc9425e55e9" perm="555" sizeinbytes="352" timestamp="1439354359000"/>
        <file loc="examples/activities/Java/JavaEventSource/src/jmexample/Balance.java" md5sum="63c32eeaf6d95c061464e8b452635022" perm="555" sizeinbytes="1387" timestamp="1439354359000"/>
        <file loc="examples/activities/Java/JavaEventSource/src/jmexample/SystemProperties.java" md5sum="8aaf6bc7973a9a09b8a6ef162e34b82c" perm="555" sizeinbytes="5137" timestamp="1439354359000"/>
        <file loc="examples/activities/Java/JavaEventSource/jmexample.jar" md5sum="72b2fd17c1bdf4fe41a35fde23f19ff2" perm="555" sizeinbytes="4368" timestamp="1439354359000"/>
        <file loc="examples/activities/Java/javaCode/readme.html" md5sum="bfc67c3d477430d9af46b2cc9d9db35e" perm="555" sizeinbytes="4331" timestamp="1439354359000"/>
        <file loc="examples/activities/Java/javaCode/PO.xml" md5sum="c2999954a26da0568bf04fb260e6dda4" perm="555" sizeinbytes="921" timestamp="1439354359000"/>
        <file loc="examples/activities/Java/javaCode/JavaTest.zip" md5sum="98362833d94ddcd7027e6c2d0fa1cfc3" perm="555" sizeinbytes="18074" timestamp="1439354359000"/>
        <file loc="examples/activities/Java/javaCode/csvFile.txt" md5sum="54bfd7e2cec1de5dd2516654877a2fb9" perm="555" sizeinbytes="96" timestamp="1439354359000"/>
        <file loc="examples/activities/Java/javaMethod/readme.html" md5sum="a10ad1c7355f1d084c1edd36d249295d" perm="555" sizeinbytes="7407" timestamp="1439354359000"/>
        <file loc="examples/activities/Java/javaMethod/src/jmexample/LocalBank.java" md5sum="4a620c6303ba30f810a85b4176607615" perm="555" sizeinbytes="2056" timestamp="1439354359000"/>
        <file loc="examples/activities/Java/javaMethod/src/jmexample/Account.java" md5sum="2236e9786d9f161bd4d7bb5322fe53cd" perm="555" sizeinbytes="336" timestamp="1439354359000"/>
        <file loc="examples/activities/Java/javaMethod/src/jmexample/InvalidAccountException.java" md5sum="fe93d32dcfae854c6c22ffc9425e55e9" perm="555" sizeinbytes="352" timestamp="1439354359000"/>
        <file loc="examples/activities/Java/javaMethod/src/jmexample/Balance.java" md5sum="63c32eeaf6d95c061464e8b452635022" perm="555" sizeinbytes="1387" timestamp="1439354359000"/>
        <file loc="examples/activities/Java/javaMethod/src/jmexample/SystemProperties.java" md5sum="8aaf6bc7973a9a09b8a6ef162e34b82c" perm="555" sizeinbytes="5137" timestamp="1439354359000"/>
        <file loc="examples/activities/Java/javaMethod/JavaMethod.zip" md5sum="e178ccdf8db33f8bf6dd4b3bcb82c286" perm="555" sizeinbytes="12487" timestamp="1439354359000"/>
        <file loc="examples/activities/Java/javaMethod/jmexample.jar" md5sum="72b2fd17c1bdf4fe41a35fde23f19ff2" perm="555" sizeinbytes="4368" timestamp="1439354359000"/>
        <file loc="examples/activities/rendezvous/RV-RPC/RendezvousExample.zip" md5sum="8c4f4ca86f19c12c8ae5092f1bfb2848" perm="555" sizeinbytes="10151" timestamp="1439354362000"/>
        <file loc="examples/activities/rendezvous/RV-RPC/readme.html" md5sum="a6ee651351ff3a5de8b00640caac9b5e" perm="555" sizeinbytes="4289" timestamp="1439354362000"/>
        <file loc="examples/activities/ftp/ftp-file.txt" md5sum="431d7184ac5e2f846730f88f85cd3c52" perm="555" sizeinbytes="166" timestamp="1439354360000"/>
        <file loc="examples/activities/ftp/ftp.zip" md5sum="5d4624f395531881bc418ef93ff20005" perm="555" sizeinbytes="9261" timestamp="1439354360000"/>
        <file loc="examples/activities/ftp/readme.html" md5sum="ee5cff65fe12eb8971de4d708ec990b4" perm="555" sizeinbytes="4970" timestamp="1439354360000"/>
        <file loc="examples/activities/http/attachment_files/input/attachment1.gif" md5sum="891f35c7027d5490da50a6ea146efe88" perm="555" sizeinbytes="1834" timestamp="1439354359000"/>
        <file loc="examples/activities/http/attachment_files/input/attachment2.gif" md5sum="bd4cf20e538612a7e9d2119800261427" perm="555" sizeinbytes="2031" timestamp="1439354359000"/>
        <file loc="examples/activities/http/attachment_files/input/TextInput2.txt" md5sum="efbdf2639a0e95f39b6a430b1b37ab74" perm="555" sizeinbytes="45" timestamp="1439354359000"/>
        <file loc="examples/activities/http/attachment_files/input/TextInput1.txt" md5sum="069061c0636dd58e82da5c0ced7a95dc" perm="555" sizeinbytes="45" timestamp="1439354359000"/>
        <file loc="examples/activities/http/persistentConnections-HTTP/readme.html" md5sum="503aaca207e7b99b4d62baba37ec9587" perm="555" sizeinbytes="3005" timestamp="1439354359000"/>
        <file loc="examples/activities/http/persistentConnections-HTTP/persistentConnections-HTTP.zip" md5sum="86a7710262bd951a99ce8f472c5a8014" perm="555" sizeinbytes="9990" timestamp="1439354359000"/>
        <file loc="examples/activities/http/persistentConnections-HTTP/pcm.cfg" md5sum="684f48e57660d63423f64c5ae5aaaa4d" perm="555" sizeinbytes="202" timestamp="1439354359000"/>
        <file loc="examples/activities/http/basic/readme.html" md5sum="60116a06226d6ba9005eb98a68008236" perm="555" sizeinbytes="3391" timestamp="1439354359000"/>
        <file loc="examples/activities/http/basic/request_news.html" md5sum="e202b578f0284dbc6f3a1850e608e8fd" perm="555" sizeinbytes="1225" timestamp="1439354359000"/>
        <file loc="examples/activities/http/basic/http.zip" md5sum="dd1c6bbd2abe59674064480b2f0d9ae5" perm="555" sizeinbytes="10151" timestamp="1439354359000"/>
        <file loc="examples/activities/http/dynamicHeaders/readme.html" md5sum="d0ca632fc4b7e7d20f33e874dc06324e" perm="555" sizeinbytes="3573" timestamp="1439354359000"/>
        <file loc="examples/activities/http/dynamicHeaders/dynamicHeaders.zip" md5sum="cbaf8ce5bc7b51500037816a15f99c26" perm="555" sizeinbytes="8902" timestamp="1439354359000"/>
        <file loc="examples/activities/http/send-receive-attachment/readme.html" md5sum="2c8e4b313b9b79e5fe5c42e3a678ec16" perm="555" sizeinbytes="11370" timestamp="1439354358000"/>
        <file loc="examples/activities/http/send-receive-attachment/http-attachment.zip" md5sum="5475e8bb844cc52753880a58c0531151" perm="555" sizeinbytes="10630" timestamp="1439354358000"/>
        <file loc="examples/activities/transaction/xa/transaction_xa.zip" md5sum="404348fc6b998aa56078182755a5e448" perm="555" sizeinbytes="13706" timestamp="1439354359000"/>
        <file loc="examples/activities/transaction/xa/createTxTestTables.sql" md5sum="62d78908f6f215f24aedc6d80d0b7cdb" perm="555" sizeinbytes="324" timestamp="1439354359000"/>
        <file loc="examples/activities/transaction/xa/readme.html" md5sum="993d4de6c1507b69cce8644924e57e48" perm="555" sizeinbytes="20028" timestamp="1439354359000"/>
        <file loc="examples/activities/transaction/jdbc/createTxTestTables.sql" md5sum="91b170783a553e9536c32bc5574466ea" perm="555" sizeinbytes="431" timestamp="1439354359000"/>
        <file loc="examples/activities/transaction/jdbc/transaction_jdbc.zip" md5sum="cd200b2592102cd1b345ed5887a962cc" perm="555" sizeinbytes="11158" timestamp="1439354359000"/>
        <file loc="examples/activities/transaction/jdbc/readme.html" md5sum="335a683101f38b6948f44a733820def7" perm="555" sizeinbytes="17038" timestamp="1439354359000"/>
        <file loc="examples/activities/rmi/bw-rmi-example.jar" md5sum="11f62dd3b27a9f216aab98efaf7ee935" perm="555" sizeinbytes="7244" timestamp="1439354360000"/>
        <file loc="examples/activities/rmi/RMIExample.zip" md5sum="ccd23e0fbc9b4b752b967edc19ba9403" perm="555" sizeinbytes="12433" timestamp="1439354360000"/>
        <file loc="examples/activities/rmi/request.input" md5sum="ce25d1efd5e4cbc0930bb6ebbf003a4d" perm="555" sizeinbytes="586" timestamp="1439354360000"/>
        <file loc="examples/activities/rmi/readme.html" md5sum="ada3c80271cfea2209b65ba750de914b" perm="555" sizeinbytes="5353" timestamp="1439354360000"/>
        <file loc="examples/activities/rmi/javadoc.zip" md5sum="772169dd2876210ae055c135f5ad9f5a" perm="555" sizeinbytes="51601" timestamp="1439354360000"/>
        <file loc="examples/activities/rmi/src/JRMIRemote.java" md5sum="7f9ed09a79f069efd703f6258b989496" perm="555" sizeinbytes="842" timestamp="1439354360000"/>
        <file loc="examples/activities/rmi/src/RMIClient_Stub.java" md5sum="1cd5d9adf5eea19222bcd492dbb33087" perm="555" sizeinbytes="2548" timestamp="1439354360000"/>
        <file loc="examples/activities/rmi/src/RMIClient.java" md5sum="3a14c86d12cf4a519f107caeab305537" perm="555" sizeinbytes="12757" timestamp="1439354360000"/>
        <file loc="examples/activities/rmi/jrmi.policy" md5sum="2e60baaae54b0ac13d6723e6ce7e780f" perm="555" sizeinbytes="55" timestamp="1439354360000"/>
        <file loc="examples/activities/file/BW_shipping_costs.xsd" md5sum="bfbbf8cefc669c852f44a8b4b4417c0e" perm="555" sizeinbytes="1007" timestamp="1439354358000"/>
        <file loc="examples/activities/file/BW_new_order.xml" md5sum="b08c343216a2c48a9bee188f101cbdf7" perm="555" sizeinbytes="653" timestamp="1439354358000"/>
        <file loc="examples/activities/file/File.zip" md5sum="383b1d85a065beb88ece42e0edf749e0" perm="555" sizeinbytes="12435" timestamp="1439354358000"/>
        <file loc="examples/activities/file/readme.html" md5sum="d4d3a6971e734ec215a64e1ce13ab776" perm="555" sizeinbytes="6235" timestamp="1439354358000"/>
        <file loc="examples/activities/file/BW_shipping_costs.xml" md5sum="d748f9b1b33385f69143eae62768a7ed" perm="555" sizeinbytes="1778" timestamp="1439354358000"/>
        <file loc="examples/activities/file/BW_new_order.xsd" md5sum="3260c7a99afafdb47551e2f1769a0a13" perm="555" sizeinbytes="1563" timestamp="1439354358000"/>
        <file loc="examples/activities/jobRecovery/jobRecovery.zip" md5sum="526b479e9c9932bdda415e19a55025cd" perm="555" sizeinbytes="9841" timestamp="1439354360000"/>
        <file loc="examples/activities/jobRecovery/readme.html" md5sum="a4dc7ccad96e0b097ec7d1da47d87392" perm="555" sizeinbytes="5874" timestamp="1439354360000"/>
        <file loc="examples/activities/tcp/shared_connection/readme.html" md5sum="6e71abe4cb0f3623a186560a2292105f" perm="555" sizeinbytes="8983" timestamp="1439354359000"/>
        <file loc="examples/activities/tcp/shared_connection/shared_connection.zip" md5sum="9e85b4eeb71d8e1a88f534c517acbf4c" perm="555" sizeinbytes="13092" timestamp="1439354359000"/>
        <file loc="examples/activities/tcp/basic/tcp-plugin-sample.zip" md5sum="1fd4de42a510cb4269f11852c825064a" perm="555" sizeinbytes="25564" timestamp="1439354360000"/>
        <file loc="examples/activities/tcp/basic/readme.html" md5sum="78fdab813f6c5b321099b87359e29ee9" perm="555" sizeinbytes="13775" timestamp="1439354360000"/>
        <file loc="examples/activities/tcp/connection_pool/readme.html" md5sum="f04d7369a784345c62546ab0ffbda48c" perm="555" sizeinbytes="10124" timestamp="1439354360000"/>
        <file loc="examples/activities/tcp/connection_pool/tcp-connection-pool.zip" md5sum="9aaf6fb4dd181798756aa43a7ef7cb93" perm="555" sizeinbytes="9362" timestamp="1439354360000"/>
        <file loc="examples/activities/tcp/connection_pool/sample-config.cfg" md5sum="04fe60103dce8c6aa300c27ae4b43add" perm="555" sizeinbytes="21" timestamp="1439354360000"/>
        <file loc="examples/activities/OnNotificationTimeout/OnNotificationTimeout.zip" md5sum="304f380df7668183b16ec3c618b4cb03" perm="555" sizeinbytes="9544" timestamp="1439354360000"/>
        <file loc="examples/activities/OnNotificationTimeout/readme.html" md5sum="1ef6f31d72d408e24df822d3a8e4a068" perm="555" sizeinbytes="7597" timestamp="1439354360000"/>
        <file loc="examples/activities/CustomActivity/ProjectUsingCustomActivity.zip" md5sum="317cc26019636f2892f2d737590b3ad5" perm="555" sizeinbytes="23087" timestamp="1439354360000"/>
        <file loc="examples/activities/CustomActivity/readme.html" md5sum="7e80eb5db738381b85a4e8098a23ee3d" perm="555" sizeinbytes="20509" timestamp="1439354360000"/>
        <file loc="examples/activities/CustomActivity/ProjectBeforeUsingCustomActivity.zip" md5sum="26c5e68a4b5a9c782bad8edd48256959" perm="555" sizeinbytes="25698" timestamp="1439354360000"/>
        <file loc="examples/activities/soap/soap_over_jms/Readme.html" md5sum="635be30a3f9fe404adb537f689aab337" perm="555" sizeinbytes="9118" timestamp="1439354361000"/>
        <file loc="examples/activities/soap/soap_over_jms/soap_over_jms.zip" md5sum="addbe3d667088deb2999932bd3a36c2c" perm="555" sizeinbytes="13469" timestamp="1439354361000"/>
        <file loc="examples/activities/soap/swa_outofband/swa_outofband.zip" md5sum="3c9069e9c80690aa44580e61b29e1b46" perm="555" sizeinbytes="12046" timestamp="1439354361000"/>
        <file loc="examples/activities/soap/swa_outofband/readme.html" md5sum="ce288ab6c0f349aeaf39701e0e23ef29" perm="555" sizeinbytes="7908" timestamp="1439354361000"/>
        <file loc="examples/activities/soap/attachment_files/input/ImageInput1.gif" md5sum="6c85b59db9b708382f330ff0f7a7ae41" perm="555" sizeinbytes="2514" timestamp="1439354361000"/>
        <file loc="examples/activities/soap/attachment_files/input/ImageInput2.gif" md5sum="0d5395d350fa546546f197e55aedc3c6" perm="555" sizeinbytes="1787" timestamp="1439354361000"/>
        <file loc="examples/activities/soap/attachment_files/input/TextInput2.txt" md5sum="efbdf2639a0e95f39b6a430b1b37ab74" perm="555" sizeinbytes="45" timestamp="1439354361000"/>
        <file loc="examples/activities/soap/attachment_files/input/TextInput1.txt" md5sum="069061c0636dd58e82da5c0ced7a95dc" perm="555" sizeinbytes="45" timestamp="1439354361000"/>
        <file loc="examples/activities/soap/interop/jaxrpc/replacePhoto/BWSoapServer/sjsws.xml" md5sum="5804f7b96a2fcabd72bb9daaa959aa09" perm="555" sizeinbytes="1784" timestamp="1439354361000"/>
        <file loc="examples/activities/soap/interop/jaxrpc/replacePhoto/BWSoapServer/tomcat.xml" md5sum="3e09745025d3f9baac5f4b37b83db088" perm="555" sizeinbytes="301" timestamp="1439354361000"/>
        <file loc="examples/activities/soap/interop/jaxrpc/replacePhoto/BWSoapServer/data/tibco.jpg" md5sum="bb2eee6c1c1c7e199472ab5b3503ed1e" perm="555" sizeinbytes="104411" timestamp="1439354361000"/>
        <file loc="examples/activities/soap/interop/jaxrpc/replacePhoto/BWSoapServer/BW_Project.zip" md5sum="bb84f2582c1562f3660e02a9459e2abb" perm="555" sizeinbytes="10697" timestamp="1439354361000"/>
        <file loc="examples/activities/soap/interop/jaxrpc/replacePhoto/BWSoapServer/build.properties" md5sum="e3b31e49b1c8aa14835d86719cb3d305" perm="555" sizeinbytes="2551" timestamp="1439354361000"/>
        <file loc="examples/activities/soap/interop/jaxrpc/replacePhoto/BWSoapServer/sjsas.xml" md5sum="17066cec06fd034a447ff4ef452edb00" perm="555" sizeinbytes="596" timestamp="1439354361000"/>
        <file loc="examples/activities/soap/interop/jaxrpc/replacePhoto/BWSoapServer/src/client/photocatalog/PhotoCatalogClient.java" md5sum="e3ee0163e4e2cba079158efb4b3f427a" perm="555" sizeinbytes="1306" timestamp="1439354361000"/>
        <file loc="examples/activities/soap/interop/jaxrpc/replacePhoto/BWSoapServer/src/client/photocatalog/BWMessageHandler.java" md5sum="43e8d8b9bbcc1530a3aeae046a904b1a" perm="555" sizeinbytes="3690" timestamp="1439354361000"/>
        <file loc="examples/activities/soap/interop/jaxrpc/replacePhoto/BWSoapServer/etc/config-client.xml" md5sum="e30399a5f534877da5b0b05f5447233f" perm="555" sizeinbytes="566" timestamp="1439354361000"/>
        <file loc="examples/activities/soap/interop/jaxrpc/replacePhoto/BWSoapServer/etc/web.xml" md5sum="fec3f0edf68d3be638110f9922697513" perm="555" sizeinbytes="561" timestamp="1439354361000"/>
        <file loc="examples/activities/soap/interop/jaxrpc/replacePhoto/BWSoapServer/etc/WS-ISwA.xsd" md5sum="624a6df25fe8366af8ec6a22a0bfedef" perm="555" sizeinbytes="713" timestamp="1439354361000"/>
        <file loc="examples/activities/soap/interop/jaxrpc/replacePhoto/BWSoapServer/etc/jaxrpc-ri.xml" md5sum="cc9389b2e16ad83cb40ad0b0f8ef71e0" perm="555" sizeinbytes="851" timestamp="1439354361000"/>
        <file loc="examples/activities/soap/interop/jaxrpc/replacePhoto/BWSoapServer/build.xml" md5sum="90054c657f81513ff2f78fb7d593ca88" perm="555" sizeinbytes="8374" timestamp="1439354361000"/>
        <file loc="examples/activities/soap/interop/jaxrpc/replacePhoto/readme.html" md5sum="876bd4f2435a56df6ee149fbe515ec74" perm="555" sizeinbytes="17576" timestamp="1439354361000"/>
        <file loc="examples/activities/soap/interop/jaxrpc/addPhoto/BWServer.zip" md5sum="ec526bbe6399debd42ba0f4b424efc18" perm="555" sizeinbytes="8916" timestamp="1439354361000"/>
        <file loc="examples/activities/soap/interop/jaxrpc/addPhoto/jaxrpc-client.zip" md5sum="2a380c8743e5c293b4667896766e83f1" perm="555" sizeinbytes="32327" timestamp="1439354361000"/>
        <file loc="examples/activities/soap/interop/jaxrpc/addPhoto/readme.html" md5sum="154c4e5103ee633a2d3237f1bb063bd7" perm="555" sizeinbytes="14375" timestamp="1439354361000"/>
        <file loc="examples/activities/soap/interop/dotNet/SoapProcess.cs" md5sum="202fabc175d8a2265e7bcf0955b73281" perm="555" sizeinbytes="8112" timestamp="1439354361000"/>
        <file loc="examples/activities/soap/interop/dotNet/concrete.wsdl" md5sum="c35cbd92ce1afb8ce57025eadb26de4f" perm="555" sizeinbytes="5078" timestamp="1439354361000"/>
        <file loc="examples/activities/soap/interop/dotNet/readme.html" md5sum="b270371b4c2755af425907a24b0f5eb7" perm="555" sizeinbytes="13397" timestamp="1439354361000"/>
        <file loc="examples/activities/soap/interop/dotNet/Server.zip" md5sum="36aa1a0dc79b1cb73fadc628b1fa45a5" perm="555" sizeinbytes="12956" timestamp="1439354361000"/>
        <file loc="examples/activities/soap/interop/dotNet/SoapProcess.exe" md5sum="9be35d2f6dbfb497f4be1b793fd09df8" perm="555" sizeinbytes="8704" timestamp="1439354361000"/>
        <file loc="examples/activities/soap/interop/soap_jms_axis/soap_jms_service.zip" md5sum="13ec4ead9dbb98f1e77c3db97f7b5beb" perm="555" sizeinbytes="11052" timestamp="1439354361000"/>
        <file loc="examples/activities/soap/interop/soap_jms_axis/readme.html" md5sum="9d1e074ad9c85ec1ef997fb6e9266390" perm="555" sizeinbytes="17951" timestamp="1439354361000"/>
        <file loc="examples/activities/soap/interop/soap_jms_axis/TibcoAxisClient.java" md5sum="e40a35e3dc93bad5258f8186bbf8b254" perm="555" sizeinbytes="4173" timestamp="1439354361000"/>
        <file loc="examples/activities/soap/interop/soap_1.2_axis/BWServer.zip" md5sum="fbd818936943da6a574b36c17ec97724" perm="555" sizeinbytes="12203" timestamp="1439354361000"/>
        <file loc="examples/activities/soap/interop/soap_1.2_axis/readme.html" md5sum="ec63d0d10677fb709a38e21bfdf7292a" perm="555" sizeinbytes="15026" timestamp="1439354361000"/>
        <file loc="examples/activities/soap/interop/soap_1.2_axis/client-src.zip" md5sum="2035bcc5245e514a46730de9e83a8929" perm="555" sizeinbytes="9110" timestamp="1439354361000"/>
        <file loc="examples/activities/soap/interop/wss/wss4j/soap-msg.xml" md5sum="417a02d421fbc8208b672dc3498912f9" perm="555" sizeinbytes="251" timestamp="1439354361000"/>
        <file loc="examples/activities/soap/interop/wss/wss4j/BookStore.xml" md5sum="a1135e8d196d98565d77b55190e8fc65" perm="555" sizeinbytes="1909" timestamp="1439354361000"/>
        <file loc="examples/activities/soap/interop/wss/wss4j/BWServer.zip" md5sum="d455054699424ba430553fef13611ee9" perm="555" sizeinbytes="55528" timestamp="1439354361000"/>
        <file loc="examples/activities/soap/interop/wss/wss4j/interop2.jks" md5sum="f4e6b5baf9ae44f231e3e6a7e6e3cee1" perm="555" sizeinbytes="4857" timestamp="1439354361000"/>
        <file loc="examples/activities/soap/interop/wss/wss4j/setenv.bat" md5sum="d52b2fc2825734bffd8829ec473b60d3" perm="555" sizeinbytes="793" timestamp="1439354361000"/>
        <file loc="examples/activities/soap/interop/wss/wss4j/readme.html" md5sum="7262e506cd071525aca7ec9f33aca1a5" perm="555" sizeinbytes="14308" timestamp="1439354361000"/>
        <file loc="examples/activities/soap/interop/wss/wss4j/cryptoSKI.properties" md5sum="aca5749fab3d09eadf3ac416a0af6094" perm="555" sizeinbytes="261" timestamp="1439354361000"/>
        <file loc="examples/activities/soap/interop/wss/wss4j/WSS4JClient.java" md5sum="19c3d9d2e7a2898e3a5f6846fd03eaa6" perm="555" sizeinbytes="7302" timestamp="1439354361000"/>
        <file loc="examples/activities/soap/interop/wss/xws/wss-server-config.xml" md5sum="f951bf88b0ec5b522d684e2a9e97a8f7" perm="555" sizeinbytes="460" timestamp="1439354361000"/>
        <file loc="examples/activities/soap/interop/wss/xws/BookStore.xml" md5sum="a1135e8d196d98565d77b55190e8fc65" perm="555" sizeinbytes="1909" timestamp="1439354361000"/>
        <file loc="examples/activities/soap/interop/wss/xws/BWServer.zip" md5sum="d652ae01e78118b80ea25554e5623db0" perm="555" sizeinbytes="20316" timestamp="1439354361000"/>
        <file loc="examples/activities/soap/interop/wss/xws/interop2.jks" md5sum="f4e6b5baf9ae44f231e3e6a7e6e3cee1" perm="555" sizeinbytes="4857" timestamp="1439354361000"/>
        <file loc="examples/activities/soap/interop/wss/xws/bcprov-jdk13-128.jar" md5sum="df3bcd31eab54423889ee906aa7be095" perm="555" sizeinbytes="1179709" timestamp="1439354361000"/>
        <file loc="examples/activities/soap/interop/wss/xws/XWSSMsgProcessorFactoy.java" md5sum="428f0292dfb168c39b001cb6fe4763ae" perm="555" sizeinbytes="2391" timestamp="1439354361000"/>
        <file loc="examples/activities/soap/interop/wss/xws/run.bat" md5sum="d26f7928df32fb5bd22260835b61b3e5" perm="555" sizeinbytes="1475" timestamp="1439354361000"/>
        <file loc="examples/activities/soap/interop/wss/xws/readme.html" md5sum="af4ac2283542facd3d361e4e65c76af8" perm="555" sizeinbytes="13827" timestamp="1439354361000"/>
        <file loc="examples/activities/soap/interop/wss/xws/server-security-env.properties" md5sum="0be6b44d60d77257d733fa92cf8e9764" perm="555" sizeinbytes="311" timestamp="1439354361000"/>
        <file loc="examples/activities/soap/interop/wss/xws/SecurityPropertyHandler.java" md5sum="156015332de148f16263e31aa7460456" perm="555" sizeinbytes="24301" timestamp="1439354361000"/>
        <file loc="examples/activities/soap/interop/wss/xws/wss-client-config.xml" md5sum="ed2fc61b6fb3416154d50f9c4205dede" perm="555" sizeinbytes="419" timestamp="1439354361000"/>
        <file loc="examples/activities/soap/interop/wss/xws/XWSSMsgProcessor.java" md5sum="93e8aacf0c81c80ae1ae03a5796940a1" perm="555" sizeinbytes="561" timestamp="1439354361000"/>
        <file loc="examples/activities/soap/interop/wss/xws/XWSSClient.java" md5sum="b0fbdeb65d62cfaa3f4305b5a1d9ddee" perm="555" sizeinbytes="5454" timestamp="1439354361000"/>
        <file loc="examples/activities/soap/interop/wss/xws/client-security-env.properties" md5sum="4c0a9f7d2b7a9d3dba18a6a7539044dd" perm="555" sizeinbytes="309" timestamp="1439354361000"/>
        <file loc="examples/activities/soap/interop/wss/xws/XWSSMsgProcessorImpl.java" md5sum="eaa1e40370cf971b203c5dc69dc886e2" perm="555" sizeinbytes="3240" timestamp="1439354361000"/>
        <file loc="examples/activities/soap/soap_over_http_username_password_sign_X509_encrypt/soap_over_http_username_password_sign_X509_encrypt.zip" md5sum="460935f5dcaeca15f2b2e2bc73b8396b" perm="555" sizeinbytes="28460" timestamp="1439354361000"/>
        <file loc="examples/activities/soap/soap_over_http_username_password_sign_X509_encrypt/Readme.html" md5sum="88ac6bcafb6e3de6fc9a57716c505c37" perm="555" sizeinbytes="19064" timestamp="1439354361000"/>
        <file loc="examples/activities/soap/soap_over_http_X509_sign_encrypt_verify_using_jks_subject_key_identity/Readme.html" md5sum="41a3f579cd8083544f39eac87d928f4c" perm="555" sizeinbytes="17784" timestamp="1439354361000"/>
        <file loc="examples/activities/soap/soap_over_http_X509_sign_encrypt_verify_using_jks_subject_key_identity/soap_over_http_X509_sign_encrypt_verify_using_jks_subject_key_identity.zip" md5sum="02f1c88f649b399d7e80510d886145dc" perm="555" sizeinbytes="28536" timestamp="1439354361000"/>
        <file loc="examples/activities/soap/soap_array/soap_array.zip" md5sum="a4c507c92ef12e6d41dff16b2eed3a11" perm="555" sizeinbytes="13981" timestamp="1439354361000"/>
        <file loc="examples/activities/soap/soap_array/readme.html" md5sum="008e395177c53a08d4249b3b7c67cb44" perm="555" sizeinbytes="16214" timestamp="1439354361000"/>
        <file loc="examples/activities/soap/soap_headers/readme.html" md5sum="f8e1ac5bcda0c6dac0216aa1afb4f868" perm="555" sizeinbytes="21421" timestamp="1439354361000"/>
        <file loc="examples/activities/soap/soap_headers/soap_headers.zip" md5sum="b7c5a1119ce8a9b6ba9aed26e8412fdb" perm="555" sizeinbytes="12515" timestamp="1439354361000"/>
        <file loc="examples/activities/soap/swa_inband/readme.html" md5sum="97f4841e1308d2662080db87e6e7465b" perm="555" sizeinbytes="8066" timestamp="1439354361000"/>
        <file loc="examples/activities/soap/swa_inband/swa_inband.zip" md5sum="ac19d3b1e893bfae6ef52f5660d08127" perm="555" sizeinbytes="12278" timestamp="1439354361000"/>
        <file loc="examples/activities/soap/soap_mtom_base64binaryrequest/soap_mtom_base64binaryrequest.zip" md5sum="7bba69399ceb2dc616382b939eb9b3e9" perm="555" sizeinbytes="14353" timestamp="1439354361000"/>
        <file loc="examples/activities/soap/soap_mtom_base64binaryrequest/readme.html" md5sum="b40f845dc99fa7fe9bc5f8933c12d3bb" perm="555" sizeinbytes="8308" timestamp="1439354361000"/>
        <file loc="examples/activities/soap/write_to_file/readme.html" md5sum="2cf95331a3180d906446d5825aa89e44" perm="555" sizeinbytes="10583" timestamp="1439354361000"/>
        <file loc="examples/activities/soap/write_to_file/project.zip" md5sum="359605530b5959bde007921b9375bb2b" perm="555" sizeinbytes="7318" timestamp="1439354361000"/>
        <file loc="examples/activities/soap/soap_over_http_file_based_custom_username_password_sign_X509_encrypt/Readme.html" md5sum="fffafd132f08d6e6e58122d06a99c954" perm="555" sizeinbytes="20583" timestamp="1439354361000"/>
        <file loc="examples/activities/soap/soap_over_http_file_based_custom_username_password_sign_X509_encrypt/FileBasedPasswordLookup.java" md5sum="8a1d37e6994854fa504119bd9002f839" perm="555" sizeinbytes="3265" timestamp="1439354361000"/>
        <file loc="examples/activities/soap/soap_over_http_file_based_custom_username_password_sign_X509_encrypt/soap_over_http_file_based_custom_username_password_sign_X509_encrypt.zip" md5sum="8549de4ec0933e73f9ee2b208142e129" perm="555" sizeinbytes="32670" timestamp="1439354361000"/>
        <file loc="examples/activities/soap/soap_over_http_file_based_custom_username_password_sign_X509_encrypt/passwd.txt" md5sum="8848175da377eca88b2ecf46384b3251" perm="555" sizeinbytes="263" timestamp="1439354361000"/>
        <file loc="examples/activities/soap/mail_soap_interop/readme.html" md5sum="f024f23b263a3158f21a7a87f8eb05c5" perm="555" sizeinbytes="10197" timestamp="1439354361000"/>
        <file loc="examples/activities/soap/mail_soap_interop/mail_soap_interop.zip" md5sum="3992be32f68a3dd785b448860b1e3ccf" perm="555" sizeinbytes="16145" timestamp="1439354361000"/>
        <file loc="examples/activities/soap/soap_over_http_open_ldap_based_custom_username_password_sign_X509_encrypt/Readme.html" md5sum="d47a0e403d7eee0281c85b21c6adda18" perm="555" sizeinbytes="21992" timestamp="1439354361000"/>
        <file loc="examples/activities/soap/soap_over_http_open_ldap_based_custom_username_password_sign_X509_encrypt/ldap.properties" md5sum="4502a7a7cf2126ab2f4f30779305a5b1" perm="555" sizeinbytes="181" timestamp="1439354361000"/>
        <file loc="examples/activities/soap/soap_over_http_open_ldap_based_custom_username_password_sign_X509_encrypt/tibco-people.txt" md5sum="bb891530f540bfb4da76f2385a0299a4" perm="555" sizeinbytes="548" timestamp="1439354361000"/>
        <file loc="examples/activities/soap/soap_over_http_open_ldap_based_custom_username_password_sign_X509_encrypt/slapd.conf" md5sum="1ac97da4ee7ea1203df3d0e5eeec16a7" perm="555" sizeinbytes="452" timestamp="1439354361000"/>
        <file loc="examples/activities/soap/soap_over_http_open_ldap_based_custom_username_password_sign_X509_encrypt/OpenLDAPBasedPasswordLookup.java" md5sum="32c72d0c40cf43f498fbd4e461b5bb65" perm="555" sizeinbytes="6517" timestamp="1439354361000"/>
        <file loc="examples/activities/soap/soap_over_http_open_ldap_based_custom_username_password_sign_X509_encrypt/soap_over_http_open_ldap_based_custom_username_password_sign_X509_encrypt.zip" md5sum="557d3d3fa6ada2fb405e9a8abd3209b1" perm="555" sizeinbytes="27594" timestamp="1439354361000"/>
        <file loc="examples/activities/soap/soap_mtom_outofband/readme.html" md5sum="2df56220dd5cc4fe7d01724233976873" perm="555" sizeinbytes="8812" timestamp="1439354361000"/>
        <file loc="examples/activities/soap/soap_mtom_outofband/soap_mtom_outofband.zip" md5sum="3651f385ead069c32ba32e94f5d3393f" perm="555" sizeinbytes="12161" timestamp="1439354361000"/>
        <file loc="examples/activities/soap/soap_over_http_X509_using_p12_expose_security_context/Readme.html" md5sum="6565704b9736380654036fb0d3604826" perm="555" sizeinbytes="18351" timestamp="1439354361000"/>
        <file loc="examples/activities/soap/soap_over_http_X509_using_p12_expose_security_context/soap_over_http_X509_using_p12_expose_security_context.zip" md5sum="d8806242fa0c789a4e31e0118b3e05ea" perm="555" sizeinbytes="25585" timestamp="1439354361000"/>
        <file loc="examples/activities/soap/soap_over_http_X509_sign_encrypt_verify_message_elements/Readme.html" md5sum="54a4cebc0df82392c63837ce1dcb6967" perm="555" sizeinbytes="18070" timestamp="1439354361000"/>
        <file loc="examples/activities/soap/soap_over_http_X509_sign_encrypt_verify_message_elements/soap_over_http_X509_sign_encrypt_verify_message_elements.zip" md5sum="edc3e5ea17b15536ab73c51be0b2903a" perm="555" sizeinbytes="28675" timestamp="1439354361000"/>
        <file loc="examples/activities/soap/soap_over_http_X509_sign_encrypt_and_verify_using_entrust/Readme.html" md5sum="e29c3bddbee86f33ffb3bccfb2241615" perm="555" sizeinbytes="17975" timestamp="1439354361000"/>
        <file loc="examples/activities/soap/soap_over_http_X509_sign_encrypt_and_verify_using_entrust/soap_over_http_X509_sign_encrypt_and_verify_using_entrust.zip" md5sum="958188bcb5ada51a5ea327fb6a07dd0d" perm="555" sizeinbytes="32761" timestamp="1439354361000"/>
        <file loc="examples/activities/soap/wsdl_embed/wsdl_embed.zip" md5sum="f39392d2b2386b1c7b30f8a032837d71" perm="555" sizeinbytes="20547" timestamp="1439354361000"/>
        <file loc="examples/activities/soap/wsdl_embed/readme.html" md5sum="131ea9a138806ed872a7fa3660c274c8" perm="555" sizeinbytes="14102" timestamp="1439354361000"/>
        <file loc="examples/activities/soap/soap_over_http_X509_sign_encrypt_verify_using_jks_direct_referrence/Readme.html" md5sum="b3d744f060c4cd43e61dfd8c2b797057" perm="555" sizeinbytes="17582" timestamp="1439354361000"/>
        <file loc="examples/activities/soap/soap_over_http_X509_sign_encrypt_verify_using_jks_direct_referrence/soap_over_http_X509_sign_encrypt_verify_using_jks_direct_referrence.zip" md5sum="af12e5060e91361c9aa15d17e1005789" perm="555" sizeinbytes="29501" timestamp="1439354361000"/>
        <file loc="examples/activities/soap/soap_over_http/Readme.html" md5sum="3a26c1cd487609ec60ea713f41d4bc5f" perm="555" sizeinbytes="8591" timestamp="1439354361000"/>
        <file loc="examples/activities/soap/soap_over_http/soap_over_http.zip" md5sum="386a90b90a31c662236d13e9e4e0c911" perm="555" sizeinbytes="12873" timestamp="1439354361000"/>
        <file loc="examples/activities/soap/change_transport/Readme.html" md5sum="c89afa00ca1104f363ba685d4130b220" perm="555" sizeinbytes="5352" timestamp="1439354361000"/>
        <file loc="examples/activities/soap/one_way_jms/client_input.txt" md5sum="4a30b1ed7333c3a76e93794be0e95933" perm="555" sizeinbytes="48" timestamp="1439354361000"/>
        <file loc="examples/activities/soap/one_way_jms/readme.html" md5sum="6f79f48d433ca7e53eeed293a2138214" perm="555" sizeinbytes="9727" timestamp="1439354361000"/>
        <file loc="examples/activities/soap/one_way_jms/project.zip" md5sum="a5d06e9e4ffbe58e10d84b2e19bd5bef" perm="555" sizeinbytes="7424" timestamp="1439354361000"/>
        <file loc="examples/activities/service/soap_https_expose_security_context/Readme.html" md5sum="cb1365e761b177d21edcb567573d6d74" perm="555" sizeinbytes="12339" timestamp="1439354361000"/>
        <file loc="examples/activities/service/soap_https_expose_security_context/soap_https_expose_security_context.zip" md5sum="55aaecb1a7ccc0415dacce557617e030" perm="555" sizeinbytes="42455" timestamp="1439354361000"/>
        <file loc="examples/activities/service/soap_jms_bridge/readme.doc" md5sum="26814b05bde5847a4cc1c5472aad9e2a" perm="555" sizeinbytes="27136" timestamp="1439354360000"/>
        <file loc="examples/activities/service/soap_jms_bridge/readme.html" md5sum="e52c41125a98573c95a6501a0ce52952" perm="555" sizeinbytes="16596" timestamp="1439354360000"/>
        <file loc="examples/activities/service/soap_jms_bridge/SOAPJMSBridge.zip" md5sum="3b5191bac4f55f938d7c1b03b9aae3eb" perm="555" sizeinbytes="13065" timestamp="1439354360000"/>
        <file loc="examples/activities/service/soap_http_headers/readme.html" md5sum="69d5080c903246b9c7a0d23a82a7f4c6" perm="555" sizeinbytes="18561" timestamp="1439354360000"/>
        <file loc="examples/activities/service/soap_http_headers/SOAP_HTTP_HEADERS.zip" md5sum="7dce668f21301310b8388781369302be" perm="555" sizeinbytes="15692" timestamp="1439354360000"/>
        <file loc="examples/activities/service/invoke_partner_fault/readme.html" md5sum="972aa45c7acbd8d2c51d1b8439041393" perm="555" sizeinbytes="19151" timestamp="1439354361000"/>
        <file loc="examples/activities/service/invoke_partner_fault/invoke_partner_fault.zip" md5sum="3eb8692fe61c0069df124bab59fef020" perm="555" sizeinbytes="35172" timestamp="1439354361000"/>
        <file loc="examples/activities/service/soap_doclit_rpclit/readme.html" md5sum="fa66e5d0673fcf7b9525385b702252c8" perm="555" sizeinbytes="18964" timestamp="1439354360000"/>
        <file loc="examples/activities/service/soap_doclit_rpclit/SOAP_DOCLIT_RPCLIT.zip" md5sum="f23b11b4e3c32f1f6eb5d0bd83344445" perm="555" sizeinbytes="20050" timestamp="1439354360000"/>
        <file loc="examples/activities/service/soap_http_jms/readme.html" md5sum="fb4e01bf305ecc5696640e1e7f76d0b3" perm="555" sizeinbytes="18286" timestamp="1439354360000"/>
        <file loc="examples/activities/service/soap_http_jms/SOAP_HTTP_JMS.zip" md5sum="7ad8c76fd269c2e31e32727184f55ca2" perm="555" sizeinbytes="18878" timestamp="1439354360000"/>
        <file loc="examples/activities/service/soap_http_headers2/readme.html" md5sum="c3a27c7ee1398fc3aaa5cde9d1aab3b1" perm="555" sizeinbytes="19165" timestamp="1439354361000"/>
        <file loc="examples/activities/service/soap_http_headers2/ClientSeller.zip" md5sum="30902b57d71edd0f4cc6b2c13d6ae8af" perm="555" sizeinbytes="10247" timestamp="1439354361000"/>
        <file loc="examples/activities/service/soap_http_headers2/xml-db.zip" md5sum="1659ef11c2edaa1ec9e2bb576c7e20ef" perm="555" sizeinbytes="762" timestamp="1439354361000"/>
        <file loc="examples/activities/service/soap_http_headers2/Seller.zip" md5sum="e1d77ffaf2ba43648bfad5361a32aa08" perm="555" sizeinbytes="27048" timestamp="1439354361000"/>
        <file loc="examples/activities/service/soap_http2/readme.html" md5sum="d51bf32d5ac813c13b0973e2eade7027" perm="555" sizeinbytes="18084" timestamp="1439354361000"/>
        <file loc="examples/activities/service/soap_http2/ClientSeller.zip" md5sum="8b6ed743170130eb263ec310c88962bc" perm="555" sizeinbytes="10160" timestamp="1439354361000"/>
        <file loc="examples/activities/service/soap_http2/xml-db.zip" md5sum="1659ef11c2edaa1ec9e2bb576c7e20ef" perm="555" sizeinbytes="762" timestamp="1439354361000"/>
        <file loc="examples/activities/service/soap_http2/Seller.zip" md5sum="fa4527eab482cdab5dd57ede2e0aebed" perm="555" sizeinbytes="24937" timestamp="1439354361000"/>
        <file loc="examples/activities/service/readme.txt" md5sum="f0a53bfd8b71b043a8d61810de00cce0" perm="555" sizeinbytes="1524" timestamp="1439354361000"/>
        <file loc="examples/activities/service/soap_jms/readme.html" md5sum="68a652449e766ea90b9d3e2b77b9e67c" perm="555" sizeinbytes="16781" timestamp="1439354360000"/>
        <file loc="examples/activities/service/soap_jms/SOAP_JMS.zip" md5sum="8a8a6af4e435595ffae8546921789e65" perm="555" sizeinbytes="16199" timestamp="1439354360000"/>
        <file loc="examples/activities/service/soap_jms_attachments/readme.html" md5sum="2b58a02c1708ea7e0a7f12ad0257657e" perm="555" sizeinbytes="18315" timestamp="1439354360000"/>
        <file loc="examples/activities/service/soap_jms_attachments/SOAP_JMS_ATTACHMENTS.zip" md5sum="c68def3ff45138737f30e227457f5463" perm="555" sizeinbytes="16880" timestamp="1439354360000"/>
        <file loc="examples/activities/service/invoke_partner/readme.html" md5sum="1cdf464eb42952642797a70b907af856" perm="555" sizeinbytes="17287" timestamp="1439354360000"/>
        <file loc="examples/activities/service/invoke_partner/invoke_partner.zip" md5sum="12cd354791834f1e8fd6faa020b8d00e" perm="555" sizeinbytes="36760" timestamp="1439354360000"/>
        <file loc="examples/activities/service/soap_http/readme.html" md5sum="bfe7e3d6d663e223991b25179f498ecd" perm="555" sizeinbytes="18473" timestamp="1439354361000"/>
        <file loc="examples/activities/service/soap_http/SOAP_HTTP.zip" md5sum="e35760eaaa29056210a84b9cd97913f2" perm="555" sizeinbytes="15272" timestamp="1439354361000"/>
        <file loc="examples/activities/service/soap_11_12/SOAP_11_12.zip" md5sum="181ebbadccf0a4ca56bbec8a41f35a36" perm="555" sizeinbytes="15423" timestamp="1439354360000"/>
        <file loc="examples/activities/service/soap_11_12/readme.html" md5sum="dab65d3dc94a0f6676cb33044f3d84b3" perm="555" sizeinbytes="18009" timestamp="1439354360000"/>
        <file loc="examples/activities/jdbc/jdbc_simple/readme.html" md5sum="17e962311e2b32b1daef4ee60b63da3e" perm="555" sizeinbytes="3020" timestamp="1439354362000"/>
        <file loc="examples/activities/jdbc/jdbc_simple/JDBC.SQL" md5sum="f6f286d86fd4b619e3897e303396d91e" perm="555" sizeinbytes="790" timestamp="1439354362000"/>
        <file loc="examples/activities/jdbc/jdbc_simple/JDBCTest.zip" md5sum="468e1d7ae7cbbf22fb038db24187c523" perm="555" sizeinbytes="10077" timestamp="1439354362000"/>
        <file loc="examples/activities/jdbc/jdbc_object_collection/jdbc_object_collection.sql" md5sum="279963fd96a8c83d17820e300032042a" perm="555" sizeinbytes="1384" timestamp="1439354362000"/>
        <file loc="examples/activities/jdbc/jdbc_object_collection/jdbc_object_collection.zip" md5sum="d8b56ec7d849652b4c0486bacd2187f4" perm="555" sizeinbytes="11452" timestamp="1439354362000"/>
        <file loc="examples/activities/jdbc/jdbc_object_collection/readme.html" md5sum="b7074558292cebf8e769fa1acda11ccc" perm="555" sizeinbytes="5227" timestamp="1439354362000"/>
        <file loc="examples/activities/jdbc/jdbc_advance/JDBCDemo.zip" md5sum="7166b3f2d097b2ab447fc048fb541ebe" perm="555" sizeinbytes="10503" timestamp="1439354362000"/>
        <file loc="examples/activities/jdbc/jdbc_advance/readme.html" md5sum="c0bff2d8ad50ba3cfd1cd8c7524e82a3" perm="555" sizeinbytes="6984" timestamp="1439354362000"/>
        <file loc="examples/activities/jdbc/jdbc_advance/createTestTables.sql" md5sum="7f63e761d999452aaf4957bfa0da30d6" perm="555" sizeinbytes="1588" timestamp="1439354362000"/>
        <file loc="examples/activities/xml/readme.html" md5sum="7306043a0520ea75b93e13e17223f914" perm="555" sizeinbytes="431" timestamp="1439354360000"/>
        <file loc="examples/activities/mail/attachment_files/input/tibcologo.gif" md5sum="44e40b48e54c94d2755e4524d573dbb9" perm="555" sizeinbytes="2878" timestamp="1439354359000"/>
        <file loc="examples/activities/mail/attachment_files/input/attachment1.gif" md5sum="891f35c7027d5490da50a6ea146efe88" perm="555" sizeinbytes="1834" timestamp="1439354359000"/>
        <file loc="examples/activities/mail/attachment_files/input/attachment2.gif" md5sum="bd4cf20e538612a7e9d2119800261427" perm="555" sizeinbytes="2031" timestamp="1439354359000"/>
        <file loc="examples/activities/mail/Pre-5.2_Configuraion/EmailExample.zip" md5sum="4ad572385e833ace791f33a1fe917cca" perm="555" sizeinbytes="10920" timestamp="1439354359000"/>
        <file loc="examples/activities/mail/Pre-5.2_Configuraion/readme.html" md5sum="263a1b334bdcede83623911105d39594" perm="555" sizeinbytes="8831" timestamp="1439354359000"/>
        <file loc="examples/activities/mail/simple_attachment/readme.html" md5sum="906f4377dd39cf8f21697571f8fbe55d" perm="555" sizeinbytes="25955" timestamp="1439354359000"/>
        <file loc="examples/activities/mail/simple_attachment/simple_attachment.zip" md5sum="f66d7245bb6956ba0a73a16b376ef5b9" perm="555" sizeinbytes="9662" timestamp="1439354359000"/>
        <file loc="examples/activities/mail/html_mail_with_image/screenshot.jpg" md5sum="3beed0121a835434fad093d622164a65" perm="555" sizeinbytes="21070" timestamp="1439354359000"/>
        <file loc="examples/activities/mail/html_mail_with_image/html_mail.zip" md5sum="fea553acc7c61b2c5cec4cd6e89e654e" perm="555" sizeinbytes="8053" timestamp="1439354359000"/>
        <file loc="examples/activities/mail/html_mail_with_image/readme.html" md5sum="d95ea2c4cfbfff78409bbaf198776464" perm="555" sizeinbytes="27559" timestamp="1439354359000"/>
        <file loc="examples/activities/ejb/ejb.html" md5sum="882ed8fbd48d2486eba2d95bf62ca79d" perm="555" sizeinbytes="413" timestamp="1439354360000"/>
        <file loc="bin/bwengine.xml" md5sum="fdc2d63f56cc007332a1ff06b982f649" perm="755" sizeinbytes="4765" timestamp="1439354373000"/>
        <file loc="bin/dbs_sqlserver.sql" md5sum="e4d24e1da176dfa134f1767e3e399012" perm="755" sizeinbytes="3603" timestamp="1439354373000"/>
        <file loc="bin/dbs_timesten.sql" md5sum="09c4fc78ca60263324642a7e373ea37c" perm="755" sizeinbytes="3441" timestamp="1439354373000"/>
        <file loc="bin/dbs_sybase.sql" md5sum="8113ab8fc1381fbe935564e9a4fdd8bf" perm="755" sizeinbytes="3461" timestamp="1439354373000"/>
        <file loc="bin/dbs_oracle.sql" md5sum="26588f9389d7d0dd14007b260f5de82f" perm="755" sizeinbytes="3403" timestamp="1439354373000"/>
        <file loc="container/lib/jargs.jar" md5sum="6f3f1d7e5551b3a2c4f79a7a84304b7a" perm="555" sizeinbytes="11406" timestamp="1439354374000"/>
        <file loc="container/lib/pramati_util.jar" md5sum="9c85ec2a97aaaa51f796b2f9febf476b" perm="555" sizeinbytes="3068094" timestamp="1439354374000"/>
        <file loc="container/lib/bwcontainer.jar" md5sum="44321f1b587cc46af6521ad207e7ff35" perm="555" sizeinbytes="20789" timestamp="1439354516000"/>
    </installcomponent>
    <directorylist>
        <dir loc="hotfix" perm="664" sizeinbytes="12288"/>
        <dir isEmpty="true" loc="hotfix/lib" perm="664" sizeinbytes="4096"/>
        <dir isEmpty="true" loc="hotfix/bin" perm="664" sizeinbytes="4096"/>
        <dir loc="lib" perm="664" sizeinbytes="21149"/>
        <dir loc="lib/com" perm="664" sizeinbytes="17053"/>
        <dir loc="lib/com/tibco" perm="664" sizeinbytes="12957"/>
        <dir loc="lib/com/tibco/deployment" perm="664" sizeinbytes="8861"/>
        <dir loc="examples" perm="664" sizeinbytes="4377315"/>
        <dir loc="examples/activities" perm="664" sizeinbytes="4339124"/>
        <dir loc="examples/activities/jms" perm="664" sizeinbytes="218654"/>
        <dir loc="examples/activities/jms/XAPrecreate" perm="664" sizeinbytes="31454"/>
        <dir loc="examples/activities/jms/messageSelector" perm="664" sizeinbytes="27051"/>
        <dir loc="examples/activities/jms/queueRequestReply" perm="664" sizeinbytes="24096"/>
        <dir loc="examples/activities/jms/queueSenderWait" perm="664" sizeinbytes="25380"/>
        <dir loc="examples/activities/jms/queueGetMessagesLoop" perm="664" sizeinbytes="31682"/>
        <dir loc="examples/activities/jms/queueReceiver" perm="664" sizeinbytes="24878"/>
        <dir loc="examples/activities/jms/topicDurable" perm="664" sizeinbytes="26218"/>
        <dir loc="examples/activities/jms/localTransactions" perm="664" sizeinbytes="23799"/>
        <dir loc="examples/activities/Java" perm="664" sizeinbytes="178196"/>
        <dir loc="examples/activities/Java/javaMethodWithDBConnection" perm="664" sizeinbytes="44756"/>
        <dir loc="examples/activities/Java/javaMethodWithDBConnection/src" perm="664" sizeinbytes="12508"/>
        <dir loc="examples/activities/Java/javaMethodWithDBConnection/src/jmdbexample" perm="664" sizeinbytes="8412"/>
        <dir loc="examples/activities/Java/JavaEventSource" perm="664" sizeinbytes="56008"/>
        <dir loc="examples/activities/Java/JavaEventSource/src" perm="664" sizeinbytes="17460"/>
        <dir loc="examples/activities/Java/JavaEventSource/src/jmexample" perm="664" sizeinbytes="13364"/>
        <dir loc="examples/activities/Java/javaCode" perm="664" sizeinbytes="27518"/>
        <dir loc="examples/activities/Java/javaMethod" perm="664" sizeinbytes="45818"/>
        <dir loc="examples/activities/Java/javaMethod/src" perm="664" sizeinbytes="17460"/>
        <dir loc="examples/activities/Java/javaMethod/src/jmexample" perm="664" sizeinbytes="13364"/>
        <dir loc="examples/activities/rendezvous" perm="664" sizeinbytes="22632"/>
        <dir loc="examples/activities/rendezvous/RV-RPC" perm="664" sizeinbytes="18536"/>
        <dir loc="examples/activities/ftp" perm="664" sizeinbytes="18493"/>
        <dir loc="examples/activities/http" perm="664" sizeinbytes="95066"/>
        <dir loc="examples/activities/http/attachment_files" perm="664" sizeinbytes="12147"/>
        <dir loc="examples/activities/http/attachment_files/input" perm="664" sizeinbytes="8051"/>
        <dir loc="examples/activities/http/persistentConnections-HTTP" perm="664" sizeinbytes="17293"/>
        <dir loc="examples/activities/http/basic" perm="664" sizeinbytes="18863"/>
        <dir loc="examples/activities/http/dynamicHeaders" perm="664" sizeinbytes="16571"/>
        <dir loc="examples/activities/http/send-receive-attachment" perm="664" sizeinbytes="26096"/>
        <dir loc="examples/activities/transaction" perm="664" sizeinbytes="74973"/>
        <dir loc="examples/activities/transaction/xa" perm="664" sizeinbytes="38154"/>
        <dir loc="examples/activities/transaction/jdbc" perm="664" sizeinbytes="32723"/>
        <dir loc="examples/activities/rmi" perm="664" sizeinbytes="101611"/>
        <dir loc="examples/activities/rmi/src" perm="664" sizeinbytes="20243"/>
        <dir loc="examples/activities/file" perm="664" sizeinbytes="27767"/>
        <dir loc="examples/activities/jobRecovery" perm="664" sizeinbytes="19811"/>
        <dir loc="examples/activities/tcp" perm="664" sizeinbytes="97305"/>
        <dir loc="examples/activities/tcp/shared_connection" perm="664" sizeinbytes="26171"/>
        <dir loc="examples/activities/tcp/basic" perm="664" sizeinbytes="43435"/>
        <dir loc="examples/activities/tcp/connection_pool" perm="664" sizeinbytes="23603"/>
        <dir loc="examples/activities/OnNotificationTimeout" perm="664" sizeinbytes="21237"/>
        <dir loc="examples/activities/CustomActivity" perm="664" sizeinbytes="73390"/>
        <dir loc="examples/activities/soap" perm="664" sizeinbytes="2530302"/>
        <dir loc="examples/activities/soap/soap_over_jms" perm="664" sizeinbytes="26683"/>
        <dir loc="examples/activities/soap/swa_outofband" perm="664" sizeinbytes="24050"/>
        <dir loc="examples/activities/soap/attachment_files" perm="664" sizeinbytes="12583"/>
        <dir loc="examples/activities/soap/attachment_files/input" perm="664" sizeinbytes="8487"/>
        <dir loc="examples/activities/soap/interop" perm="664" sizeinbytes="1737641"/>
        <dir loc="examples/activities/soap/interop/jaxrpc" perm="664" sizeinbytes="246459"/>
        <dir loc="examples/activities/soap/interop/jaxrpc/replacePhoto" perm="664" sizeinbytes="182649"/>
        <dir loc="examples/activities/soap/interop/jaxrpc/replacePhoto/BWSoapServer" perm="664" sizeinbytes="160977"/>
        <dir loc="examples/activities/soap/interop/jaxrpc/replacePhoto/BWSoapServer/data" perm="664" sizeinbytes="108507"/>
        <dir loc="examples/activities/soap/interop/jaxrpc/replacePhoto/BWSoapServer/src" perm="664" sizeinbytes="17284"/>
        <dir loc="examples/activities/soap/interop/jaxrpc/replacePhoto/BWSoapServer/src/client" perm="664" sizeinbytes="13188"/>
        <dir loc="examples/activities/soap/interop/jaxrpc/replacePhoto/BWSoapServer/src/client/photocatalog" perm="664" sizeinbytes="9092"/>
        <dir loc="examples/activities/soap/interop/jaxrpc/replacePhoto/BWSoapServer/etc" perm="664" sizeinbytes="6787"/>
        <dir loc="examples/activities/soap/interop/jaxrpc/addPhoto" perm="664" sizeinbytes="59714"/>
        <dir loc="examples/activities/soap/interop/dotNet" perm="664" sizeinbytes="52343"/>
        <dir loc="examples/activities/soap/interop/soap_jms_axis" perm="664" sizeinbytes="37272"/>
        <dir loc="examples/activities/soap/interop/soap_1.2_axis" perm="664" sizeinbytes="40435"/>
        <dir loc="examples/activities/soap/interop/wss" perm="664" sizeinbytes="1357036"/>
        <dir loc="examples/activities/soap/interop/wss/wss4j" perm="664" sizeinbytes="89305"/>
        <dir loc="examples/activities/soap/interop/wss/xws" perm="664" sizeinbytes="1263635"/>
        <dir loc="examples/activities/soap/soap_over_http_username_password_sign_X509_encrypt" perm="664" sizeinbytes="51620"/>
        <dir loc="examples/activities/soap/soap_over_http_X509_sign_encrypt_verify_using_jks_subject_key_identity" perm="664" sizeinbytes="50416"/>
        <dir loc="examples/activities/soap/soap_array" perm="664" sizeinbytes="34291"/>
        <dir loc="examples/activities/soap/soap_headers" perm="664" sizeinbytes="38032"/>
        <dir loc="examples/activities/soap/swa_inband" perm="664" sizeinbytes="24440"/>
        <dir loc="examples/activities/soap/soap_mtom_base64binaryrequest" perm="664" sizeinbytes="26757"/>
        <dir loc="examples/activities/soap/write_to_file" perm="664" sizeinbytes="21997"/>
        <dir loc="examples/activities/soap/soap_over_http_file_based_custom_username_password_sign_X509_encrypt" perm="664" sizeinbytes="60877"/>
        <dir loc="examples/activities/soap/mail_soap_interop" perm="664" sizeinbytes="30438"/>
        <dir loc="examples/activities/soap/soap_over_http_open_ldap_based_custom_username_password_sign_X509_encrypt" perm="664" sizeinbytes="61380"/>
        <dir loc="examples/activities/soap/soap_mtom_outofband" perm="664" sizeinbytes="25069"/>
        <dir loc="examples/activities/soap/soap_over_http_X509_using_p12_expose_security_context" perm="664" sizeinbytes="48032"/>
        <dir loc="examples/activities/soap/soap_over_http_X509_sign_encrypt_verify_message_elements" perm="664" sizeinbytes="50841"/>
        <dir loc="examples/activities/soap/soap_over_http_X509_sign_encrypt_and_verify_using_entrust" perm="664" sizeinbytes="54832"/>
        <dir loc="examples/activities/soap/wsdl_embed" perm="664" sizeinbytes="38745"/>
        <dir loc="examples/activities/soap/soap_over_http_X509_sign_encrypt_verify_using_jks_direct_referrence" perm="664" sizeinbytes="51179"/>
        <dir loc="examples/activities/soap/soap_over_http" perm="664" sizeinbytes="25560"/>
        <dir loc="examples/activities/soap/change_transport" perm="664" sizeinbytes="9448"/>
        <dir loc="examples/activities/soap/one_way_jms" perm="664" sizeinbytes="21295"/>
        <dir loc="examples/activities/service" perm="664" sizeinbytes="635777"/>
        <dir loc="examples/activities/service/soap_https_expose_security_context" perm="664" sizeinbytes="58890"/>
        <dir loc="examples/activities/service/soap_jms_bridge" perm="664" sizeinbytes="60893"/>
        <dir loc="examples/activities/service/soap_http_headers" perm="664" sizeinbytes="38349"/>
        <dir loc="examples/activities/service/invoke_partner_fault" perm="664" sizeinbytes="58419"/>
        <dir loc="examples/activities/service/soap_doclit_rpclit" perm="664" sizeinbytes="43110"/>
        <dir loc="examples/activities/service/soap_http_jms" perm="664" sizeinbytes="41260"/>
        <dir loc="examples/activities/service/soap_http_headers2" perm="664" sizeinbytes="61318"/>
        <dir loc="examples/activities/service/soap_http2" perm="664" sizeinbytes="58039"/>
        <dir loc="examples/activities/service/soap_jms" perm="664" sizeinbytes="37076"/>
        <dir loc="examples/activities/service/soap_jms_attachments" perm="664" sizeinbytes="39291"/>
        <dir loc="examples/activities/service/invoke_partner" perm="664" sizeinbytes="58143"/>
        <dir loc="examples/activities/service/soap_http" perm="664" sizeinbytes="37841"/>
        <dir loc="examples/activities/service/soap_11_12" perm="664" sizeinbytes="37528"/>
        <dir loc="examples/activities/jdbc" perm="664" sizeinbytes="67409"/>
        <dir loc="examples/activities/jdbc/jdbc_simple" perm="664" sizeinbytes="17983"/>
        <dir loc="examples/activities/jdbc/jdbc_object_collection" perm="664" sizeinbytes="22159"/>
        <dir loc="examples/activities/jdbc/jdbc_advance" perm="664" sizeinbytes="23171"/>
        <dir loc="examples/activities/xml" perm="664" sizeinbytes="4527"/>
        <dir loc="examples/activities/mail" perm="664" sizeinbytes="143369"/>
        <dir loc="examples/activities/mail/attachment_files" perm="664" sizeinbytes="14935"/>
        <dir loc="examples/activities/mail/attachment_files/input" perm="664" sizeinbytes="10839"/>
        <dir loc="examples/activities/mail/Pre-5.2_Configuraion" perm="664" sizeinbytes="23847"/>
        <dir loc="examples/activities/mail/simple_attachment" perm="664" sizeinbytes="39713"/>
        <dir loc="examples/activities/mail/html_mail_with_image" perm="664" sizeinbytes="60778"/>
        <dir loc="examples/activities/ejb" perm="664" sizeinbytes="4509"/>
        <dir loc="bin" perm="664" sizeinbytes="22769"/>
        <dir isEmpty="true" loc="logs" perm="664" sizeinbytes="4096"/>
        <dir loc="container" perm="664" sizeinbytes="3108481"/>
        <dir loc="container/lib" perm="664" sizeinbytes="3104385"/>
    </directorylist>
</installcomponents>
