<?xml version="1.0" encoding="UTF-8" standalone="no"?>
<installcomponents>
    <assemblyProperties displayName="TIBCO AMBW Shared" installLocation="${bw.home}"/>
    <wizardAction class="com.tibco.installer.wizard.action.TIBCORemoveWindowsShortcutWizardAction" sequence="post-install">
        <property shortcutFolder="TIBCO/${tibco.environment.name}/TIBCO ActiveMatrix BusinessWorks ${bw.short.version}"/>
        <property shortcutName="Readme"/>
    </wizardAction>
    <wizardAction class="com.tibco.installer.wizard.action.TIBCODoStuffWithFilesWizardAction" sequence="post-selection">
        <condition class="com.tibco.installer.wizard.condition.TIBCOFileExistsWizardCondition">
            <property mustBeMet="true"/>
            <property filename="${bw.home.esc}/bin/bwengine.tra"/>
        </condition>
        <property sourceFile="${bw.home.esc}/bin/bwengine.tra"/>
        <property targetFile="${bw.home.esc}/bin/bwengine.tra.bkp"/>
        <property fileAction="copy"/>
        <property overwriteExistingFile="true"/>
    </wizardAction>
    <wizardAction class="com.tibco.installer.wizard.action.TIBCODoStuffWithFilesWizardAction" sequence="post-selection">
        <condition class="com.tibco.installer.wizard.condition.TIBCOFileExistsWizardCondition">
            <property mustBeMet="true"/>
            <property filename="${bw.home.esc}/bin/bw20migrate.tra"/>
        </condition>
        <property sourceFile="${bw.home.esc}/bin/bw20migrate.tra"/>
        <property targetFile="${bw.home.esc}/bin/bw20migrate.tra.bkp"/>
        <property fileAction="copy"/>
        <property overwriteExistingFile="true"/>
    </wizardAction>
    <wizardAction class="com.tibco.installer.wizard.action.TIBCODoStuffWithFilesWizardAction" sequence="post-selection">
        <condition class="com.tibco.installer.wizard.condition.TIBCOFileExistsWizardCondition">
            <property mustBeMet="true"/>
            <property filename="${bw.home.esc}/bin/bwcontainer.tra"/>
        </condition>
        <property sourceFile="${bw.home.esc}/bin/bwcontainer.tra"/>
        <property targetFile="${bw.home.esc}/bin/bwcontainer.tra.bkp"/>
        <property fileAction="copy"/>
        <property overwriteExistingFile="true"/>
    </wizardAction>
    <wizardAction class="com.tibco.installer.wizard.action.TIBCODoStuffWithFilesWizardAction" sequence="post-install">
        <condition class="com.tibco.installer.wizard.condition.TIBCOFileExistsWizardCondition">
            <property mustBeMet="true"/>
            <property filename="${bw.home.esc}/bin/bwengine.tra.bkp"/>
        </condition>
        <property sourceFile="${bw.home.esc}/bin/bwengine.tra.bkp"/>
        <property targetFile="${bw.home.esc}/bin/bwengine.tra"/>
        <property fileAction="copy"/>
        <property overwriteExistingFile="true"/>
    </wizardAction>
    <wizardAction class="com.tibco.installer.wizard.action.TIBCODoStuffWithFilesWizardAction" sequence="post-install">
        <condition class="com.tibco.installer.wizard.condition.TIBCOFileExistsWizardCondition">
            <property mustBeMet="true"/>
            <property filename="${bw.home.esc}/bin/bw20migrate.tra.bkp"/>
        </condition>
        <property sourceFile="${bw.home.esc}/bin/bw20migrate.tra.bkp"/>
        <property targetFile="${bw.home.esc}/bin/bw20migrate.tra"/>
        <property fileAction="copy"/>
        <property overwriteExistingFile="true"/>
    </wizardAction>
    <wizardAction class="com.tibco.installer.wizard.action.TIBCODoStuffWithFilesWizardAction" sequence="post-install">
        <condition class="com.tibco.installer.wizard.condition.TIBCOFileExistsWizardCondition">
            <property mustBeMet="true"/>
            <property filename="${bw.home.esc}/bin/bwcontainer.tra.bkp"/>
        </condition>
        <property sourceFile="${bw.home.esc}/bin/bwcontainer.tra.bkp"/>
        <property targetFile="${bw.home.esc}/bin/bwcontainer.tra"/>
        <property fileAction="copy"/>
        <property overwriteExistingFile="true"/>
    </wizardAction>
    <installcomponent buildType="formal" currenttimestamp="08-11-2015-09-46-PM" prefix="product_tibco" sizeinbytes="88474158" uid="bw_shared" version="5.13.0.017">
        <file loc="setup/post-install.xml" md5sum="ea259bc491a33d1cbc490b7938fd2092" perm="644" sizeinbytes="26812" timestamp="1439354367000"/>
        <file loc="lib/engine.jar" md5sum="330c0742ac0da0fb6fa58103bb451d7c" perm="555" sizeinbytes="1237128" timestamp="1439354516000"/>
        <file loc="lib/palettes/bwdoc.jar" md5sum="00a2c08652d5105d409d5622f8e29fc8" perm="555" sizeinbytes="64003026" timestamp="1439354542000"/>
        <file loc="lib/palettes/com.tibco.bw.binding.amx.runtime.jar" md5sum="3fa1d3e1a27f41c7d2c2e6701a8907ee" perm="555" sizeinbytes="56135" timestamp="1439354516000"/>
        <file loc="lib/palettes/xdata.jar" md5sum="5efc9f5ac35c0de5416a71f29b9e63ee" perm="555" sizeinbytes="641501" timestamp="1439354516000"/>
        <file loc="lib/palettes/serviceInfra.jar" md5sum="e3f427833ba75ae5e9c7a808c9695436" perm="555" sizeinbytes="118417" timestamp="1439354516000"/>
        <file loc="lib/palettes/mapper.jar" md5sum="5a44b70e5104dc09078eeb34de639a21" perm="555" sizeinbytes="912868" timestamp="1439354516000"/>
        <file loc="lib/palettes/httpcore-nio-4.0-beta2.jar" md5sum="2eb5aac0f53d0d4e2f36add07255e3f3" perm="555" sizeinbytes="177205" timestamp="1439354334000"/>
        <file loc="lib/palettes/axiom.jar" md5sum="53ed5981959704b37a2f4a5093556a74" perm="555" sizeinbytes="590791" timestamp="1439354516000"/>
        <file loc="lib/palettes/openws-1.4.3.jar" md5sum="6dadc6b2e4d1148eef36433d9100ca4e" perm="555" sizeinbytes="570920" timestamp="1439354516000"/>
        <file loc="lib/palettes/bwtools.jar" md5sum="55b1abf1d7305c10fec3918216d9c07a" perm="555" sizeinbytes="383912" timestamp="1439354516000"/>
        <file loc="lib/palettes/xmltooling-1.3.3.jar" md5sum="49ab84aefce8590dbd2f19f6a8dbaaf9" perm="555" sizeinbytes="623568" timestamp="1439354516000"/>
        <file loc="lib/palettes/tibcryptx_wss.jar" md5sum="fbe54e13dfd474a5b5066dbb9a991394" perm="555" sizeinbytes="53928" timestamp="1439354516000"/>
        <file loc="lib/palettes/saxon9-jdom.jar" md5sum="37affabf838778f8be87b652bce3184a" perm="555" sizeinbytes="32743" timestamp="1439354516000"/>
        <file loc="lib/palettes/plugins.jar" md5sum="778347273ce87a26d762870d0514ef88" perm="555" sizeinbytes="2386650" timestamp="1439354516000"/>
        <file loc="lib/palettes/config-tibco.jar" md5sum="4659e3d78278a2ab5bb3e713eeb9c99f" perm="555" sizeinbytes="8632" timestamp="1439354516000"/>
        <file loc="lib/palettes/saxon9-xom.jar" md5sum="bde985e5ab0a81b7107f1c47462ba707" perm="555" sizeinbytes="45218" timestamp="1439354516000"/>
        <file loc="lib/palettes/serviceBindings.jar" md5sum="1d5d31d3a3c043f1ed820747b3c7fbff" perm="555" sizeinbytes="1099297" timestamp="1439354516000"/>
        <file loc="lib/palettes/servicePalettes.jar" md5sum="9f027ca697ab012d4ac8c5017d999429" perm="555" sizeinbytes="248954" timestamp="1439354516000"/>
        <file loc="lib/palettes/bwHttpcomponentsImpl.jar" md5sum="90424ba96310f915191c7c4e3b67ee6f" perm="555" sizeinbytes="32136" timestamp="1439354516000"/>
        <file loc="lib/palettes/opensaml-2.5.2.jar" md5sum="551b9c7693f60d19ef49b208375b5f3d" perm="555" sizeinbytes="1374901" timestamp="1439354516000"/>
        <file loc="lib/palettes/stringtemplate.jar" md5sum="73ff59597de8fe7f00e8b18458e731d2" perm="555" sizeinbytes="109163" timestamp="1439354333000"/>
        <file loc="lib/palettes/TIBCOwss4j.jar" md5sum="a8d89d3a2a28c4f76538e842df45383e" perm="555" sizeinbytes="419196" timestamp="1439354516000"/>
        <file loc="lib/palettes/saxon9-ant.jar" md5sum="d241e2cf13ca9689d75dee16219ed256" perm="555" sizeinbytes="23963" timestamp="1439354516000"/>
        <file loc="lib/palettes/com.tibco.bw.binding.amx.ui.jar" md5sum="486f05730c68e15d018695a98f8fa952" perm="555" sizeinbytes="17678" timestamp="1439354516000"/>
        <file loc="lib/palettes/archivepalette.jar" md5sum="2ffec66f98d4809279068797ef342f6a" perm="555" sizeinbytes="23266" timestamp="1439354516000"/>
        <file loc="lib/palettes/saxon9-xpath.jar" md5sum="c796b6d43ac5ea9db4c6d26038ce8aaa" perm="555" sizeinbytes="43536" timestamp="1439354516000"/>
        <file loc="lib/palettes/saxon9-sql.jar" md5sum="1fcf19063da1390b542ee2ee1fe5079a" perm="555" sizeinbytes="45598" timestamp="1439354516000"/>
        <file loc="lib/palettes/joda-time-1.6.2.jar" md5sum="6442e992dedaddadd8b9e3c87a38bfb8" perm="555" sizeinbytes="543044" timestamp="1439354516000"/>
        <file loc="lib/palettes/opensaml-0-tibcomod.jar" md5sum="5310b41f086b098d79583629b0175bd7" perm="555" sizeinbytes="39980" timestamp="1439354516000"/>
        <file loc="lib/palettes/saxon9-xqj.jar" md5sum="7e764e1c221046c101df7c132b5559c8" perm="555" sizeinbytes="173255" timestamp="1439354516000"/>
        <file loc="lib/palettes/paletteCommon.jar" md5sum="f0f024bdccd695fa18820dd8655d7efe" perm="555" sizeinbytes="361383" timestamp="1439354516000"/>
        <file loc="lib/palettes/com.tibco.bw.binding.amx.common.ui.jar" md5sum="40b47672994111d70f545593cded4888" perm="555" sizeinbytes="67746" timestamp="1439354516000"/>
        <file loc="lib/palettes/com.tibco.bw.binding.amx.shared.jar" md5sum="52b7f91c1100fa4174412fa87b0b51cb" perm="555" sizeinbytes="56818" timestamp="1439354516000"/>
        <file loc="lib/palettes/httpcore-4.0-beta2.jar" md5sum="cd56b6a25cab3274e15ebaf6ec5e44d9" perm="555" sizeinbytes="171196" timestamp="1439354334000"/>
        <file loc="lib/palettes/bwconfig-impl.jar" md5sum="9246a6322566691e8400a6f2bddfb554" perm="555" sizeinbytes="670863" timestamp="1439354516000"/>
        <file loc="lib/palettes/saxon9-dom.jar" md5sum="183df805ce02c4f552752bb0d0f7e593" perm="555" sizeinbytes="110602" timestamp="1439354516000"/>
        <file loc="lib/palettes/saxon9-dom4j.jar" md5sum="b242092ff6d21ef9037215216d58668f" perm="555" sizeinbytes="30000" timestamp="1439354516000"/>
        <file loc="lib/palettes/antlr-2.7.5.jar" md5sum="6d57df718efd2a03981c309ce3330a1f" perm="555" sizeinbytes="435563" timestamp="1439354333000"/>
        <file loc="lib/palettes/saxon9.jar" md5sum="71be5b0596bd430244f50d4e04619261" perm="555" sizeinbytes="4737705" timestamp="1439354516000"/>
        <file loc="lib/palettes/saxon9-s9api.jar" md5sum="fb334796b11179fe6da6521b877eb962" perm="555" sizeinbytes="110818" timestamp="1439354516000"/>
        <file loc="lib/palettes/processPalettes.jar" md5sum="e0470f5ceec3bac19dd70d61563cad21" perm="555" sizeinbytes="788371" timestamp="1439354516000"/>
        <file loc="lib/palettes/com.tibco.bw.binding.amx.common.jar" md5sum="26a639a683244b308629eaec8da1d74e" perm="555" sizeinbytes="12267" timestamp="1439354516000"/>
        <file loc="lib/palettes/bwconfig-api.jar" md5sum="2be84da251f98e178dd434dcacb1bf4e" perm="555" sizeinbytes="100830" timestamp="1439354516000"/>
        <file loc="lib/log4j.xml" md5sum="65c86a67afa4a17c49f50317ad61f45e" perm="555" sizeinbytes="10471" timestamp="1439354398000"/>
        <file loc="lib/log4j.properties" md5sum="b213915418fd934e025fff54b703e711" perm="555" sizeinbytes="8381" timestamp="1439354398000"/>
        <file loc="lib/tibsoap.jar" md5sum="0f237765b2ffcd3de77e369888bef046" perm="555" sizeinbytes="526184" timestamp="1439354516000"/>
        <file loc="lib/bwmtgextension.jar" md5sum="6739986aa4ca4e5be8a12699344a15bd" perm="555" sizeinbytes="52962" timestamp="1439354516000"/>
        <file loc="bin/bwengine.tra_template" md5sum="4aae45d6796599e1c473f722a1eb782a" perm="755" sizeinbytes="4934" timestamp="1439354373000"/>
        <file loc="bin/bw20migrate.tra_template" md5sum="cce349f9e66daff3d78e50e219cb6e9a" perm="755" sizeinbytes="3400" timestamp="1439354373000"/>
        <file loc="admin-plugins/BWAdmin.war" md5sum="27aadbc8b8cf9546a0405beafa999a7f" perm="555" sizeinbytes="2881077" timestamp="1439354516000"/>
        <file loc="admin-plugins/UDDIAdmin.war" md5sum="922b73e43c54fc63ee44ba78ece5dc5c" perm="555" sizeinbytes="1244590" timestamp="1439354516000"/>
    </installcomponent>
    <directorylist>
        <dir loc="setup" perm="664" sizeinbytes="30908"/>
        <dir loc="lib" perm="664" sizeinbytes="84296961"/>
        <dir loc="lib/palettes" perm="664" sizeinbytes="82457739"/>
        <dir loc="bin" perm="664" sizeinbytes="12430"/>
        <dir loc="admin-plugins" perm="664" sizeinbytes="4129763"/>
    </directorylist>
</installcomponents>
