<?xml version="1.0" encoding="UTF-8"?>
<project name="bw-post-install" default="post-install">

	<fail unless="tibco.home.esc" message="tibco.home.esc property not set."/>
	<fail unless="tibco.bw.home.esc" message="tibco.bw.home.esc property not set."/>
        
	
	<target name="init">
		<echo message="Post Installation of TIBCO ActiveMatrix BusinessWorks - Designtime"/>
		<echo message="tibco.home.esc=${tibco.home.esc}"/>
		<echo message="tibco.bw.home.esc=${tibco.bw.home.esc}"/>
		<echo message="tibco.64bitpackage=${tibco.64bitpackage}"/>
		<mkdir dir="${tibco.bw.home.esc}/hotfix/bin"/>
		<mkdir dir="${tibco.bw.home.esc}/hotfix/lib"/>

		<condition property="tibco.use64BitLibs">
			<equals arg1="${tibco.64bitpackage}" arg2="true"/>
		</condition>
	</target>

	<target name="post-install-runtime" depends="init,checkOS,substituteVarsTra,updateRuntimeTra,updateRuntimeTra64Bit,migrateBWEngineTra, UpdatePrependCP">
		<echo message="End of Post Installation of TIBCO ActiveMatrix BusinessWorks - Runtime"/>
	</target>

	<target name="post-install-designtime" depends="init,checkOS,substituteVarsTra,updateRuntimeTra,updateRuntimeTra64Bit, migrateBWEngineTra, updateDesigntimeTra">
		<echo message="End of Post Installation of TIBCO ActiveMatrix BusinessWorks - Designtime"/>
	</target>

	<target name="substituteVarsTra" depends="check-bkp-files-exists" unless="bkp-files-exists">
		<macrodef name="tra.tasks">
		<attribute name="file"/>
		<attribute name="dest"/>
		<sequential>
			<copy file="${tibco.home.esc}/tools/wrapper/${wrapper}${tibco.wrapper.extension}" tofile="@{dest}/@{file}${tibco.wrapper.extension}" preservelastmodified="true" verbose="true" failonerror="true"/>
			<echo message="Changing permissions for @{dest}/@{file}${tibco.wrapper.extension}"/> 
			<chmod file="@{dest}/@{file}${tibco.wrapper.extension}" perm="u+x" verbose="true" failonerror="true"/>
			<echo message="Substituting variables for @{dest}/@{file}.tra"/> 
			<replace file="@{dest}/@{file}.tra">
				<replacefilter token="%TIBCO_HOME_ESC%" value="${tibco.home.esc}"/>
				<replacefilter token="%TIBCO_JAVA_VERSION%" value="${tibco.java.version}"/>
				<replacefilter token="%TIBCO_JAVA_HOME_ESC%" value="${tibco.java.home.esc}"/>
				<replacefilter token="%TIBCO_JVM_LIB_ESC%" value="${tibco.jvm.lib.esc}"/>
				<replacefilter token="%TIBCO_JVM_LIB_DIR_ESC%" value="${tibco.jvm.lib.dir.esc}"/>
				<replacefilter token="%TIBCO_JVM_LIB_SERVER_ESC%" value="${tibco.jvm.lib.server.esc}"/>
				<replacefilter token="%TIBCO_JVM_LIB_SERVER_DIR_ESC%" value="${tibco.jvm.lib.server.dir.esc}"/>
				<replacefilter token="%TIBCO_JVM_LIB_CLIENT_ESC%" value="${tibco.jvm.lib.client.esc}"/>
				<replacefilter token="%TIBCO_JVM_LIB_CLIENT_DIR_ESC%" value="${tibco.jvm.lib.client.dir.esc}"/>
				<replacefilter token="%PSP%" value="${psp}"/>
				<replacefilter token="%FSP%" value="${fsp}"/>

				<!-- custom Variables -->

				<replacefilter token="%PS%" value="${psp}"/>

				<!-- TIBCO_JVM_FLAVOR is not needed as JVM_LIB_DIR_ESC includes it -->
				<replacefilter token="%TIBCO_JVM_FLAVOR%" value=""/>

				<replacefilter token="%TIBCO_RV_HOME_ESC%" value="${tibco.rv.home.esc}"/>
				<replacefilter token="%TIBCO_TPCL_HOME_ESC%" value="${tibco.tpcl.home.esc}"/>
				<replacefilter token="%TIBCO_TRA_HOME_ESC%" value="${tibco.tra.home.esc}"/>
				<replacefilter token="%TIBCO_HAWK_HOME_ESC%" value="${tibco.hawk.home.esc}"/>
				<replacefilter token="%TIBCO_DESIGNER_HOME_ESC%" value="${tibco.designer.home.esc}"/>
				<replacefilter token="%TIBCO_BW_HOME_ESC%" value="${tibco.bw.home.esc}"/>
				<replacefilter token="%TIBCO_TRA_APPEND_VERSION%" value="${tibco.tra.short.version}"/>
			</replace>
			</sequential>
		</macrodef>

		<tra.tasks file="bwengine" dest="${tibco.bw.home.esc}/bin"/>
		<tra.tasks file="bw20migrate" dest="${tibco.bw.home.esc}/bin"/>
	</target>

	<target name="check-bkp-files-exists">
                <condition property="bkp-files-exists">
                <and>
                        <available file="${bw.home.esc}/bin/bwengine.tra.bkp"/>
                        <available file="${bw.home.esc}/bin/bw20migrate.tra.bkp"/>
                </and>
                </condition>
        </target>


	<target name="updateRuntimeTra">

		<!--java classname="com.tibco.postinstall.util.TIBCOASCIIFileUpdate" jvm="${tibco.java.home.esc}/bin/java">
			<arg value="${tibco.bw.home.esc}/bin/bwengine.tra,${tibco.bw.home.esc}/bin/bwcontainer.tra"/>
			<arg value="tibco.env.CUSTOM_EXT_PREPEND_CP"/>
			<arg value="%BW_HOME%/hotfix/lib/engine.jar${psp}%BW_HOME%/hotfix/lib/mapper.jar${psp}%BW_HOME%/hotfix/lib${psp}%BW_HOME%/lib/engine.jar${psp}%BW_HOME%/lib/mapper.jar${psp}%BW_HOME%/lib"/>
			<arg value="prepend"/>
			<arg value="${psp}"/>

			<classpath>
				<pathelement path="${tibco.home.esc}/tools/postinstall/lib/TIBCOpostinstallutility.jar"/>
			</classpath>
		</java-->

		<java classname="com.tibco.postinstall.util.TIBCOASCIIFileUpdate" jvm="${tibco.java.home.esc}/bin/java">
			<arg value="${tibco.bw.home.esc}/bin/bwengine.tra"/>
			<arg value="tibco.env.LD_LIBRARY_PATH"/>
			<arg value="%TPCL_HOME%/lib/httpclient_3.0"/>
			<arg value="prepend"/>
			<arg value="${psp}"/>

			<classpath>
				<pathelement path="${tibco.home.esc}/tools/postinstall/lib/TIBCOpostinstallutility.jar"/>
			</classpath>
		</java>

		<java classname="com.tibco.postinstall.util.TIBCOASCIIFileUpdate" jvm="${tibco.java.home.esc}/bin/java">
			<arg value="${tibco.bw.home.esc}/bin/bwengine.tra"/>
			<arg value="tibco.env.SHLIB_PATH"/>
			<arg value="%TPCL_HOME%/lib/httpclient_3.0"/>
			<arg value="prepend"/>
			<arg value="${psp}"/>

			<classpath>
				<pathelement path="${tibco.home.esc}/tools/postinstall/lib/TIBCOpostinstallutility.jar"/>
			</classpath>
		</java>				
		
		<java classname="com.tibco.postinstall.util.TIBCOASCIIFileUpdate" jvm="${tibco.java.home.esc}/bin/java">
			<arg value="${tibco.bw.home.esc}/bin/bwengine.tra"/>
			<arg value="tibco.env.CUSTOM_EXT_PREPEND_CP"/>
			<arg value="%TRA_HOME%/lib/TIBCrypt.jar"/>
			<arg value="prepend"/>
			<arg value="${psp}"/>

			<classpath>
				<pathelement path="${tibco.home.esc}/tools/postinstall/lib/TIBCOpostinstallutility.jar"/>
			</classpath>
		</java>
		
		<java classname="com.tibco.postinstall.util.TIBCOASCIIFileUpdate" jvm="${tibco.java.home.esc}/bin/java">
			<arg value="${tibco.bw.home.esc}/bin/bwengine.tra"/>
			<arg value="tibco.env.CUSTOM_EXT_PREPEND_CP"/>
			<arg value="%TPCL_HOME%/lib/mail.jar"/>
			<arg value="prepend"/>
			<arg value="${psp}"/>

			<classpath>
				<pathelement path="${tibco.home.esc}/tools/postinstall/lib/TIBCOpostinstallutility.jar"/>
			</classpath>
		</java>

	</target>
	
	<target name="UpdatePrependCP">
		<java classname="com.tibco.postinstall.util.TIBCOASCIIFileUpdate" jvm="${tibco.java.home.esc}/bin/java">
                        <arg value="${tibco.bw.home.esc}/bin/bwengine.tra"/>
                        <arg value="tibco.env.CUSTOM_EXT_PREPEND_CP"/>
                        <arg value="${tibco.bw.home.esc}/hotfix/lib%PSP%%TRA_HOME%/hotfix/lib%PSP%%RV_HOME%/lib/tibrvj.jar%PSP%%RV_HOME%/lib"/>
                        <arg value="prepend"/>
                        <arg value="${psp}"/>

                        <classpath>
                                <pathelement path="${tibco.home.esc}/tools/postinstall/lib/TIBCOpostinstallutility.jar"/>
                        </classpath>
          </java>
		  		
	</target>

	<target name="updateRuntimeTra64Bit" if="tibco.use64BitLibs">
		<java classname="com.tibco.postinstall.util.TIBCOASCIIFileUpdate" jvm="${tibco.java.home.esc}/bin/java">
                        <arg value="${tibco.bw.home.esc}/bin/bwengine.tra"/>
                        <arg value="tibco.env.CUSTOM_EXT_PREPEND_CP"/>
                        <arg value="%RV_HOME%/lib/64"/>
                        <arg value="prepend"/>
                        <arg value="${psp}"/>

                        <classpath>
                                <pathelement path="${tibco.home.esc}/tools/postinstall/lib/TIBCOpostinstallutility.jar"/>
                        </classpath>
                </java>
								

                <java classname="com.tibco.postinstall.util.TIBCOASCIIFileUpdate" jvm="${tibco.java.home.esc}/bin/java">
                        <arg value="${tibco.bw.home.esc}/bin/bwengine.tra"/>
                        <arg value="tibco.env.LD_LIBRARY_PATH"/>
                        <arg value="%RV_HOME%/lib/64"/>
                        <arg value="prepend"/>
                        <arg value="${psp}"/>

                        <classpath>
                                <pathelement path="${tibco.home.esc}/tools/postinstall/lib/TIBCOpostinstallutility.jar"/>
                        </classpath>
                </java>

                <java classname="com.tibco.postinstall.util.TIBCOASCIIFileUpdate" jvm="${tibco.java.home.esc}/bin/java">
                        <arg value="${tibco.bw.home.esc}/bin/bwengine.tra"/>
                        <arg value="tibco.env.SHLIB_PATH"/>
                        <arg value="%RV_HOME%/lib/64"/>
                        <arg value="prepend"/>
                        <arg value="${psp}"/>

                        <classpath>
                                <pathelement path="${tibco.home.esc}/tools/postinstall/lib/TIBCOpostinstallutility.jar"/>
                        </classpath>
                </java>
				
				<!--replaceregexp file="${tibco.bw.home.esc}/bin/bwengine.tra" 
					match="%TRA_HOME%/icjava/6.2/lib${psp}%RV_HOME%/lib${psp}%TPCL_HOME%/lib/httpclient_3.0"
					replace="%TRA_HOME%/icjava/6.2/lib${psp}%RV_HOME%/lib/tibrvnative.jar%PSP%%RV_HOME%/lib/tibrvnativesd.jar%PSP%%RV_HOME%/lib${psp}%TPCL_HOME%/lib/httpclient_3.0"
				/-->
				
				<antcall target="addRV64PathAIX"/>
	</target>
	
	<target name="addRV64PathAIX" if="tibco.os.aix">		
			
			<java classname="com.tibco.postinstall.util.TIBCOASCIIFileUpdate" jvm="${tibco.java.home.esc}/bin/java">
                        <arg value="${tibco.bw.home.esc}/bin/bwengine.tra"/>
                        <arg value="tibco.env.LIBPATH"/>
                        <arg value="%RV_HOME%/lib/64"/>
                        <arg value="prepend"/>
                        <arg value="${psp}"/>

                        <classpath>
                                <pathelement path="${tibco.home.esc}/tools/postinstall/lib/TIBCOpostinstallutility.jar"/>
                        </classpath>
                </java>
	</target>	


	<target name="migrateBWEngineTra">
		<java classname="com.tibco.postinstall.util.TIBCOMigrateProductTra" jvm="${tibco.java.home.esc}/bin/java">
			<arg value="${tibco.home}"/>
			<arg value="BW"/>
			<arg value="tibco.env.CUSTOM_EXT_APPEND_CP"/>
			<arg value="append"/>
			<arg value="bin/bwengine.tra"/>
			<arg value="${psp}"/>

			<classpath>
				<pathelement path="${tibco.tra.home.esc}/lib/install/TIBCOInstallerUtility.jar${psp}${tibco.home.esc}/tools/postinstall/lib/TIBCOpostinstallutility.jar"/>
			</classpath>
		</java>
		<java classname="com.tibco.postinstall.util.TIBCOMigrateProductTra" jvm="${tibco.java.home.esc}/bin/java">
			<arg value="${tibco.home}"/>
			<arg value="BW"/>
			<arg value="tibco.env.CUSTOM_EXT_PREPEND_CP"/>
			<arg value="append"/>
			<arg value="bin/bwengine.tra"/>
			<arg value="${psp}"/>

			<classpath>
				<pathelement path="${tibco.tra.home.esc}/lib/install/TIBCOInstallerUtility.jar${psp}${tibco.home.esc}/tools/postinstall/lib/TIBCOpostinstallutility.jar"/>
			</classpath>
		</java>
	</target>

	<target name="createDesignerTra" unless="designer.tra.exists">
		<copy file="${tibco.designer.home.esc}/bin/designer.tra_template" tofile="${tibco.designer.home.esc}/bin/designer.tra" verbose="true" />
	</target>

	<target name="updateDesigntimeTra">

		<available file="${tibco.designer.home.esc}/bin/designer.tra" property="dsg.tra"/>
		<condition property="designer.tra.exists">
			<equals arg1="${dsg.tra}" arg2="true"/>
		</condition>
		<echo message="designer.tra.exists=${designer.tra.exists}"/>

		<antcall target="createDesignerTra"/>
		<java classname="com.tibco.postinstall.util.TIBCOASCIIFileUpdate" jvm="${tibco.java.home.esc}/bin/java">
			<arg value="${tibco.designer.home.esc}/bin/designer.tra"/>
			<arg value="tibco.env.CUSTOM_CP_EXT"/>
			<arg value="%TRA_HOME%/hotfix/lib${psp}${tibco.bw.home.esc}/hotfix/lib${psp}%TPCL_HOME%/lib/mail.jar${psp}%TRA_HOME%/lib/TIBCrypt.jar${psp}%TPCL_HOME%/lib/httpclient_3.0${psp}%HAWK_HOME%/lib${psp}%HAWK_HOME%/lib/compat${psp}${tibco.bw.home.esc}/lib${psp}${tibco.bw.home.esc}/lib/palettes${psp}%TPCL_HOME%/uddi4j/lib/uddi4j.jar"/>
			<arg value="prepend"/>
			<arg value="${psp}"/>
			<classpath>
				<pathelement path="${tibco.home.esc}/tools/postinstall/lib/TIBCOpostinstallutility.jar"/>
			</classpath>
		</java>

		
		
		<java classname="com.tibco.postinstall.util.TIBCOASCIIFileUpdate" jvm="${tibco.java.home.esc}/bin/java">
			<arg value="${tibco.designer.home.esc}/bin/designer.tra"/>
			<arg value="tibco.env.STD_CP_EXT"/>
			<arg value="%TPCL_HOME%/tomcat/7/bin"/>
			<arg value="append"/>
			<arg value="${psp}"/>

			<classpath>
				<pathelement path="${tibco.home.esc}/tools/postinstall/lib/TIBCOpostinstallutility.jar"/>
			</classpath>
		</java>
		<java classname="com.tibco.postinstall.util.TIBCOASCIIFileUpdate" jvm="${tibco.java.home.esc}/bin/java">
			<arg value="${tibco.designer.home.esc}/bin/designer.tra"/>
			<arg value="tibco.env.STD_CP_EXT"/>
			<arg value="%RV_HOME%/lib"/>
			<arg value="append"/>
			<arg value="${psp}"/>

			<classpath>
				<pathelement path="${tibco.home.esc}/tools/postinstall/lib/TIBCOpostinstallutility.jar"/>
			</classpath>
		</java>

		<!-- delete old palette paths -->
		<java classname="com.tibco.postinstall.util.TIBCOASCIIFileUpdate" jvm="${tibco.java.home.esc}/bin/java">
			<arg value="${tibco.designer.home.esc}/bin/designer.tra"/>
			<arg value="tibco.env.CUSTOM_PALETTE_PATH"/>
			<arg value="${tibco.home.esc}/bw/5.4/lib/palettes"/>
			<arg value="delete"/>
			<arg value="${psp}"/>

			<classpath>
				<pathelement path="${tibco.home.esc}/tools/postinstall/lib/TIBCOpostinstallutility.jar"/>
			</classpath>
		</java>

		<java classname="com.tibco.postinstall.util.TIBCOASCIIFileUpdate" jvm="${tibco.java.home.esc}/bin/java">
			<arg value="${tibco.designer.home.esc}/bin/designer.tra"/>
			<arg value="tibco.env.CUSTOM_PALETTE_PATH"/>
			<arg value="${tibco.home.esc}/bw/5.5/lib/palettes"/>
			<arg value="delete"/>
			<arg value="${psp}"/>

			<classpath>
				<pathelement path="${tibco.home.esc}/tools/postinstall/lib/TIBCOpostinstallutility.jar"/>
			</classpath>
		</java>

		<java classname="com.tibco.postinstall.util.TIBCOASCIIFileUpdate" jvm="${tibco.java.home.esc}/bin/java">
			<arg value="${tibco.designer.home.esc}/bin/designer.tra"/>
			<arg value="tibco.env.CUSTOM_PALETTE_PATH"/>
			<arg value="${tibco.home.esc}/bw/5.6/lib/palettes"/>
			<arg value="delete"/>
			<arg value="${psp}"/>

			<classpath>
				<pathelement path="${tibco.home.esc}/tools/postinstall/lib/TIBCOpostinstallutility.jar"/>
			</classpath>
		</java>

		<java classname="com.tibco.postinstall.util.TIBCOASCIIFileUpdate" jvm="${tibco.java.home.esc}/bin/java">
			<arg value="${tibco.designer.home.esc}/bin/designer.tra"/>
			<arg value="tibco.env.CUSTOM_PALETTE_PATH"/>
			<arg value="${tibco.home.esc}/bw/5.7/lib/palettes"/>
			<arg value="delete"/>
			<arg value="${psp}"/>

			<classpath>
				<pathelement path="${tibco.home.esc}/tools/postinstall/lib/TIBCOpostinstallutility.jar"/>
			</classpath>
		</java>

		<java classname="com.tibco.postinstall.util.TIBCOASCIIFileUpdate" jvm="${tibco.java.home.esc}/bin/java">
			<arg value="${tibco.designer.home.esc}/bin/designer.tra"/>
			<arg value="tibco.env.CUSTOM_PALETTE_PATH"/>
			<arg value="${tibco.home.esc}/bw/5.8/lib/palettes"/>
			<arg value="delete"/>
			<arg value="${psp}"/>

			<classpath>
				<pathelement path="${tibco.home.esc}/tools/postinstall/lib/TIBCOpostinstallutility.jar"/>
			</classpath>
		</java>

		<java classname="com.tibco.postinstall.util.TIBCOASCIIFileUpdate" jvm="${tibco.java.home.esc}/bin/java">
			<arg value="${tibco.designer.home.esc}/bin/designer.tra"/>
			<arg value="tibco.env.CUSTOM_PALETTE_PATH"/>
			<arg value="${tibco.home.esc}/bw/5.9/lib/palettes"/>
			<arg value="delete"/>
			<arg value="${psp}"/>

			<classpath>
				<pathelement path="${tibco.home.esc}/tools/postinstall/lib/TIBCOpostinstallutility.jar"/>
			</classpath>
		</java>

		<java classname="com.tibco.postinstall.util.TIBCOASCIIFileUpdate" jvm="${tibco.java.home.esc}/bin/java">
			<arg value="${tibco.designer.home.esc}/bin/designer.tra"/>
			<arg value="tibco.env.CUSTOM_PALETTE_PATH"/>
			<arg value="${tibco.bw.home.esc}/lib/palettes"/>
			<arg value="prepend"/>
			<arg value="${psp}"/>

			<classpath>
				<pathelement path="${tibco.home.esc}/tools/postinstall/lib/TIBCOpostinstallutility.jar"/>
			</classpath>
		</java>

		<java classname="com.tibco.postinstall.util.TIBCOASCIIFileUpdate" jvm="${tibco.java.home.esc}/bin/java">
			<arg value="${tibco.designer.home.esc}/bin/designer.tra"/>
			<arg value="tibco.env.CUSTOM_PATH"/>
			<arg value="%HAWK_HOME%/bin"/>
			<arg value="prepend"/>
			<arg value="${psp}"/>

			<classpath>
				<pathelement path="${tibco.home.esc}/tools/postinstall/lib/TIBCOpostinstallutility.jar"/>
			</classpath>
		</java>

		<java classname="com.tibco.postinstall.util.TIBCOASCIIFileUpdate" jvm="${tibco.java.home.esc}/bin/java">
			<arg value="${tibco.designer.home.esc}/bin/designer.tra"/>
			<arg value="tibco.env.LD_LIBRARY_PATH"/>
			<arg value="%TPCL_HOME%/lib/httpclient_3.0${psp}%HAWK_HOME%/bin"/>
			<arg value="prepend"/>
			<arg value="${psp}"/>

			<classpath>
				<pathelement path="${tibco.home.esc}/tools/postinstall/lib/TIBCOpostinstallutility.jar"/>
			</classpath>
		</java>

		<java classname="com.tibco.postinstall.util.TIBCOASCIIFileUpdate" jvm="${tibco.java.home.esc}/bin/java">
			<arg value="${tibco.designer.home.esc}/bin/designer.tra"/>
			<arg value="tibco.env.SHLIB_PATH"/>
			<arg value="%TPCL_HOME%/lib/httpclient_3.0${psp}%HAWK_HOME%/bin"/>
			<arg value="prepend"/>
			<arg value="${psp}"/>

			<classpath>
				<pathelement path="${tibco.home.esc}/tools/postinstall/lib/TIBCOpostinstallutility.jar"/>
			</classpath>
		</java>
		
		<replaceregexp file="${tibco.designer.home.esc}/bin/designer.tra" 
					match="%RV_HOME%/lib/tibrvnative.jar"
					replace="%RV_HOME%/lib/tibrvj.jar"/>
	</target>

	<target name="pre-uninstall" depends="checkOS,deleteEntriesFromDesignerTra">
		<echo message="Pre-Uninstallation of TIBCO ActiveMatrix BusinessWorks"/>
		<echo message="tibco.home.esc=${tibco.home.esc}"/>
		<echo message="tibco.bw.home.esc=${tibco.bw.home.esc}"/>

		<macrodef name="clean.tra.tasks">
		<attribute name="file"/>
		<attribute name="dest"/>
		<sequential>
			<delete file="@{dest}/@{file}.tra" verbose="true"/>
			<delete file="@{dest}/@{file}${tibco.wrapper.extension}" verbose="true"/>
		</sequential>
		</macrodef>

		<delete dir="${tibco.bw.home.esc}/hotfix" verbose="true"/>
		<delete failonerror="false" file="${bw.home.esc}/bin/bwengine.tra.bkp"/>
                <delete failonerror="false" file="${bw.home.esc}/bin/bw20migrate.tra.bkp"/>

		<clean.tra.tasks file="bwengine" dest="${tibco.bw.home.esc}/bin"/>
		<clean.tra.tasks file="bw20migrate" dest="${tibco.bw.home.esc}/bin"/>
	</target>

	<target name="deleteEntriesFromDesignerTra">
	
		<java classname="com.tibco.postinstall.util.TIBCOASCIIFileUpdate" jvm="${tibco.java.home.esc}/bin/java">
			<arg value="${tibco.designer.home.esc}/bin/designer.tra"/>
			<arg value="tibco.env.CUSTOM_CP_EXT"/>
			<arg value="%TRA_HOME%/hotfix/lib"/>
			<arg value="delete"/>
			<arg value="${psp}"/>

			<classpath>
				<pathelement path="${tibco.home.esc}/tools/postinstall/lib/TIBCOpostinstallutility.jar"/>
			</classpath>
		</java>
		<java classname="com.tibco.postinstall.util.TIBCOASCIIFileUpdate" jvm="${tibco.java.home.esc}/bin/java">
			<arg value="${tibco.home.esc}/designer/5.7/bin/designer.tra"/>
			<arg value="tibco.env.CUSTOM_CP_EXT"/>
			<arg value="%TPCL_HOME%/lib/httpclient_3.0"/>
			<arg value="delete"/>
			<arg value="${psp}"/>
		
			<classpath>
				<pathelement path="${tibco.home.esc}/tools/postinstall/lib/TIBCOpostinstallutility.jar"/>
			</classpath>
		</java>

		<java classname="com.tibco.postinstall.util.TIBCOASCIIFileUpdate" jvm="${tibco.java.home.esc}/bin/java">
			<arg value="${tibco.home.esc}/designer/5.7/bin/designer.tra"/>
			<arg value="tibco.env.CUSTOM_CP_EXT"/>
			<arg value="%HAWK_HOME%/lib"/>
			<arg value="delete"/>
			<arg value="${psp}"/>
		
			<classpath>
				<pathelement path="${tibco.home.esc}/tools/postinstall/lib/TIBCOpostinstallutility.jar"/>
			</classpath>
		</java>
		
		

		<java classname="com.tibco.postinstall.util.TIBCOASCIIFileUpdate" jvm="${tibco.java.home.esc}/bin/java">
			<arg value="${tibco.home.esc}/designer/5.7/bin/designer.tra"/>
			<arg value="tibco.env.CUSTOM_CP_EXT"/>
			<arg value="%TPCL_HOME%/lib/mail.jar"/>
			<arg value="delete"/>
			<arg value="${psp}"/>
		
			<classpath>
				<pathelement path="${tibco.home.esc}/tools/postinstall/lib/TIBCOpostinstallutility.jar"/>
			</classpath>
		</java>
		
		
		<java classname="com.tibco.postinstall.util.TIBCOASCIIFileUpdate" jvm="${tibco.java.home.esc}/bin/java">
			<arg value="${tibco.home.esc}/designer/5.7/bin/designer.tra"/>
			<arg value="tibco.env.CUSTOM_CP_EXT"/>
			<arg value="%TRA_HOME%/lib/TIBCrypt.jar"/>
			<arg value="delete"/>
			<arg value="${psp}"/>
		
			<classpath>
				<pathelement path="${tibco.home.esc}/tools/postinstall/lib/TIBCOpostinstallutility.jar"/>
			</classpath>
		</java>
		<java classname="com.tibco.postinstall.util.TIBCOASCIIFileUpdate" jvm="${tibco.java.home.esc}/bin/java">
			<arg value="${tibco.home.esc}/designer/5.7/bin/designer.tra"/>
			<arg value="tibco.env.CUSTOM_CP_EXT"/>
			<arg value="${tibco.bw.home.esc}/hotfix/lib"/>
			<arg value="delete"/>
			<arg value="${psp}"/>
		
			<classpath>
				<pathelement path="${tibco.home.esc}/tools/postinstall/lib/TIBCOpostinstallutility.jar"/>
			</classpath>
		</java>

		<java classname="com.tibco.postinstall.util.TIBCOASCIIFileUpdate" jvm="${tibco.java.home.esc}/bin/java">
			<arg value="${tibco.home.esc}/designer/5.7/bin/designer.tra"/>
			<arg value="tibco.env.CUSTOM_CP_EXT"/>
			<arg value="${tibco.bw.home.esc}/lib"/>
			<arg value="delete"/>
			<arg value="${psp}"/>
		
			<classpath>
				<pathelement path="${tibco.home.esc}/tools/postinstall/lib/TIBCOpostinstallutility.jar"/>
			</classpath>
		</java>

		<java classname="com.tibco.postinstall.util.TIBCOASCIIFileUpdate" jvm="${tibco.java.home.esc}/bin/java">
			<arg value="${tibco.home.esc}/designer/5.7/bin/designer.tra"/>
			<arg value="tibco.env.CUSTOM_CP_EXT"/>
			<arg value="${tibco.bw.home.esc}/lib/palettes"/>
			<arg value="delete"/>
			<arg value="${psp}"/>
		
			<classpath>
				<pathelement path="${tibco.home.esc}/tools/postinstall/lib/TIBCOpostinstallutility.jar"/>
			</classpath>
		</java>

		<java classname="com.tibco.postinstall.util.TIBCOASCIIFileUpdate" jvm="${tibco.java.home.esc}/bin/java">
			<arg value="${tibco.home.esc}/designer/5.7/bin/designer.tra"/>
			<arg value="tibco.env.CUSTOM_CP_EXT"/>
			<arg value="%TPCL_HOME%/uddi4j/lib/uddi4j.jar"/>
			<arg value="delete"/>
			<arg value="${psp}"/>
		
			<classpath>
				<pathelement path="${tibco.home.esc}/tools/postinstall/lib/TIBCOpostinstallutility.jar"/>
			</classpath>
		</java>

		<java classname="com.tibco.postinstall.util.TIBCOASCIIFileUpdate" jvm="${tibco.java.home.esc}/bin/java">
			<arg value="${tibco.home.esc}/designer/5.7/bin/designer.tra"/>
			<arg value="tibco.env.CUSTOM_PALETTE_PATH"/>
			<arg value="${tibco.bw.home.esc}/lib/palettes"/>
			<arg value="delete"/>
			<arg value="${psp}"/>
		
			<classpath>
				<pathelement path="${tibco.home.esc}/tools/postinstall/lib/TIBCOpostinstallutility.jar"/>
			</classpath>
		</java>

		<java classname="com.tibco.postinstall.util.TIBCOASCIIFileUpdate" jvm="${tibco.java.home.esc}/bin/java">
			<arg value="${tibco.home.esc}/designer/5.7/bin/designer.tra"/>
			<arg value="tibco.env.CUSTOM_PATH"/>
			<arg value="%HAWK_HOME%/bin"/>
			<arg value="delete"/>
			<arg value="${psp}"/>
		
			<classpath>
				<pathelement path="${tibco.home.esc}/tools/postinstall/lib/TIBCOpostinstallutility.jar"/>
			</classpath>
		</java>

		<java classname="com.tibco.postinstall.util.TIBCOASCIIFileUpdate" jvm="${tibco.java.home.esc}/bin/java">
			<arg value="${tibco.home.esc}/designer/5.7/bin/designer.tra"/>
			<arg value="tibco.env.LD_LIBRARY_PATH"/>
			<arg value="%TPCL_HOME%/lib/httpclient_3.0"/>
			<arg value="delete"/>
			<arg value="${psp}"/>
		
			<classpath>
				<pathelement path="${tibco.home.esc}/tools/postinstall/lib/TIBCOpostinstallutility.jar"/>
			</classpath>
		</java>

		<java classname="com.tibco.postinstall.util.TIBCOASCIIFileUpdate" jvm="${tibco.java.home.esc}/bin/java">
			<arg value="${tibco.home.esc}/designer/5.7/bin/designer.tra"/>
			<arg value="tibco.env.LD_LIBRARY_PATH"/>
			<arg value="%HAWK_HOME%/bin"/>
			<arg value="delete"/>
			<arg value="${psp}"/>
		
			<classpath>
				<pathelement path="${tibco.home.esc}/tools/postinstall/lib/TIBCOpostinstallutility.jar"/>
			</classpath>
		</java>

		<java classname="com.tibco.postinstall.util.TIBCOASCIIFileUpdate" jvm="${tibco.java.home.esc}/bin/java">
			<arg value="${tibco.home.esc}/designer/5.7/bin/designer.tra"/>
			<arg value="tibco.env.SHLIB_PATH"/>
			<arg value="%TPCL_HOME%/lib/httpclient_3.0"/>
			<arg value="delete"/>
			<arg value="${psp}"/>
		
			<classpath>
				<pathelement path="${tibco.home.esc}/tools/postinstall/lib/TIBCOpostinstallutility.jar"/>
			</classpath>
		</java>

		<java classname="com.tibco.postinstall.util.TIBCOASCIIFileUpdate" jvm="${tibco.java.home.esc}/bin/java">
			<arg value="${tibco.home.esc}/designer/5.7/bin/designer.tra"/>
			<arg value="tibco.env.SHLIB_PATH"/>
			<arg value="%HAWK_HOME%/bin"/>
			<arg value="delete"/>
			<arg value="${psp}"/>
		
			<classpath>
				<pathelement path="${tibco.home.esc}/tools/postinstall/lib/TIBCOpostinstallutility.jar"/>
			</classpath>
		</java>
		<!--<replaceregexp file="${tibco.designer.home.esc}/bin/designer.tra" 
					match="%RV_HOME%/lib/tibrvj.jar"
					replace="%RV_HOME%/lib/tibrvnative.jar"/>-->
	</target>

	<target name="checkOS" >
		<condition property="tibco.os.windows">
			<os family="windows"/>
		</condition>
		<condition property="tibco.os.unix">
			<os family="unix"/>
		</condition>
		<condition property="tibco.os.aix">
			<os name="AIX"/>
		</condition>
		<condition property="wrapper" value="pwrap">
			<isset property="tibco.os.windows"/>
		</condition>        
		<condition property="wrapper" value="wrap">
			<isset property="tibco.os.unix"/>
		</condition>        
	</target>
</project>
