<?xml version="1.0" encoding="UTF-8"?>
<PurchaseOrder xmlns="http://tibco.tnt.org/Invoice">
	<OrderIdentifier>O11</OrderIdentifier>
	<CustomerIdentifier>CUST24</CustomerIdentifier>
	<PurchaseOrderDate>10/10/2001</PurchaseOrderDate> 
	<Total>1000</Total> 
	<Status>Request</Status> 
	<LineItem>
		<OrderIdentifier>O11</OrderIdentifier>
		<LineNumber>1</LineNumber>
		<ItemIdentifier>RUBBER</ItemIdentifier>
		<Quantity>88</Quantity>
		<UnitPrice>100</UnitPrice>
	  	<ShipmentDate>10/10/2001</ShipmentDate> 
  		<ShipmentLocation>L1</ShipmentLocation> 
  		<Status>Request</Status> 
	</LineItem>
	<LineItem>
		<OrderIdentifier>O11</OrderIdentifier>
		<LineNumber>2</LineNumber>
		<ItemIdentifier>PEN</ItemIdentifier>
		<Quantity>77</Quantity>
		<UnitPrice>100</UnitPrice>
	  	<ShipmentDate>10/10/2001</ShipmentDate> 
  		<ShipmentLocation>L2</ShipmentLocation> 
  		<Status>Request</Status> 
	</LineItem>	
</PurchaseOrder>
